filename,emotion_1,emotion_2
gBR_sBM_cAll_d04_mBR0_ch01.pkl,공포,자신감
gBR_sBM_cAll_d04_mBR0_ch02.pkl,자신감,
gBR_sBM_cAll_d04_mBR0_ch03.pkl,자신감,
gBR_sBM_cAll_d04_mBR0_ch04.pkl,자신감,
gBR_sBM_cAll_d04_mBR0_ch05.pkl,슬픔,
gBR_sBM_cAll_d04_mBR0_ch06.pkl,자신감,
gBR_sBM_cAll_d04_mBR0_ch07.pkl,슬픔,
gBR_sBM_cAll_d04_mBR0_ch08.pkl,혐오,
gBR_sBM_cAll_d04_mBR0_ch09.pkl,공포,자신감
gBR_sBM_cAll_d04_mBR0_ch10.pkl,사랑,열정
gBR_sBM_cAll_d04_mBR1_ch01.pkl,자신감,
gBR_sBM_cAll_d04_mBR1_ch02.pkl,자신감,
gBR_sBM_cAll_d04_mBR1_ch03.pkl,자신감,
gBR_sBM_cAll_d04_mBR1_ch04.pkl,자신감,
gBR_sBM_cAll_d04_mBR1_ch05.pkl,슬픔,
gBR_sBM_cAll_d04_mBR1_ch06.pkl,자신감,
gBR_sBM_cAll_d04_mBR1_ch07.pkl,슬픔,
gBR_sBM_cAll_d04_mBR1_ch08.pkl,슬픔,
gBR_sBM_cAll_d04_mBR1_ch09.pkl,자신감,
gBR_sBM_cAll_d04_mBR1_ch10.pkl,공포,차분함
gBR_sBM_cAll_d04_mBR2_ch01.pkl,자신감,
gBR_sBM_cAll_d04_mBR2_ch02.pkl,자신감,
gBR_sBM_cAll_d04_mBR2_ch03.pkl,자신감,
gBR_sBM_cAll_d04_mBR2_ch04.pkl,자신감,
gBR_sBM_cAll_d04_mBR2_ch05.pkl,슬픔,
gBR_sBM_cAll_d04_mBR2_ch06.pkl,자신감,도전
gBR_sBM_cAll_d04_mBR2_ch07.pkl,슬픔,
gBR_sBM_cAll_d04_mBR2_ch08.pkl,슬픔,
gBR_sBM_cAll_d04_mBR2_ch09.pkl,자신감,
gBR_sBM_cAll_d04_mBR2_ch10.pkl,차분함,
gBR_sBM_cAll_d04_mBR3_ch01.pkl,자신감,
gBR_sBM_cAll_d04_mBR3_ch02.pkl,자신감,
gBR_sBM_cAll_d04_mBR3_ch03.pkl,자신감,
gBR_sBM_cAll_d04_mBR3_ch04.pkl,자신감,
gBR_sBM_cAll_d04_mBR3_ch05.pkl,슬픔,
gBR_sBM_cAll_d04_mBR3_ch06.pkl,행복,희망
gBR_sBM_cAll_d04_mBR3_ch07.pkl,슬픔,
gBR_sBM_cAll_d04_mBR3_ch08.pkl,슬픔,
gBR_sBM_cAll_d04_mBR3_ch09.pkl,자신감,
gBR_sBM_cAll_d04_mBR3_ch10.pkl,차분함,
gBR_sBM_cAll_d05_mBR0_ch01.pkl,자신감,차분함
gBR_sBM_cAll_d05_mBR0_ch02.pkl,자신감,
gBR_sBM_cAll_d05_mBR0_ch03.pkl,자신감,차분함
gBR_sBM_cAll_d05_mBR0_ch04.pkl,자신감,
gBR_sBM_cAll_d05_mBR0_ch05.pkl,슬픔,
gBR_sBM_cAll_d05_mBR0_ch06.pkl,자신감,
gBR_sBM_cAll_d05_mBR0_ch07.pkl,혐오,
gBR_sBM_cAll_d05_mBR0_ch08.pkl,슬픔,
gBR_sBM_cAll_d05_mBR0_ch09.pkl,혐오,공포
gBR_sBM_cAll_d05_mBR0_ch10.pkl,공포,자신감
gBR_sBM_cAll_d05_mBR1_ch01.pkl,도전,
gBR_sBM_cAll_d05_mBR1_ch02.pkl,자신감,
gBR_sBM_cAll_d05_mBR1_ch03.pkl,자신감,
gBR_sBM_cAll_d05_mBR1_ch04.pkl,열정,
gBR_sBM_cAll_d05_mBR1_ch05.pkl,슬픔,도전
gBR_sBM_cAll_d05_mBR1_ch06.pkl,행복,희망
gBR_sBM_cAll_d05_mBR1_ch07.pkl,슬픔,
gBR_sBM_cAll_d05_mBR1_ch08.pkl,슬픔,
gBR_sBM_cAll_d05_mBR1_ch09.pkl,혐오,
gBR_sBM_cAll_d05_mBR1_ch10.pkl,차분함,
gBR_sBM_cAll_d05_mBR4_ch01.pkl,자신감,
gBR_sBM_cAll_d05_mBR4_ch02.pkl,자신감,
gBR_sBM_cAll_d05_mBR4_ch03.pkl,자신감,
gBR_sBM_cAll_d05_mBR4_ch04.pkl,자신감,
gBR_sBM_cAll_d05_mBR4_ch05.pkl,슬픔,
gBR_sBM_cAll_d05_mBR4_ch06.pkl,자신감,
gBR_sBM_cAll_d05_mBR4_ch07.pkl,슬픔,
gBR_sBM_cAll_d05_mBR4_ch08.pkl,슬픔,분노
gBR_sBM_cAll_d05_mBR4_ch09.pkl,자신감,
gBR_sBM_cAll_d05_mBR4_ch10.pkl,공포,자신감
gBR_sBM_cAll_d05_mBR5_ch01.pkl,차분함,
gBR_sBM_cAll_d05_mBR5_ch02.pkl,공포,자신감
gBR_sBM_cAll_d05_mBR5_ch03.pkl,자신감,
gBR_sBM_cAll_d05_mBR5_ch04.pkl,자신감,
gBR_sBM_cAll_d05_mBR5_ch05.pkl,슬픔,
gBR_sBM_cAll_d05_mBR5_ch06.pkl,자신감,
gBR_sBM_cAll_d05_mBR5_ch07.pkl,슬픔,
gBR_sBM_cAll_d05_mBR5_ch08.pkl,슬픔,분노
gBR_sBM_cAll_d05_mBR5_ch09.pkl,혐오,
gBR_sBM_cAll_d05_mBR5_ch10.pkl,혐오,공포
gBR_sBM_cAll_d06_mBR2_ch01.pkl,자신감,
gBR_sBM_cAll_d06_mBR2_ch02.pkl,공포,자신감
gBR_sBM_cAll_d06_mBR2_ch03.pkl,자신감,
gBR_sBM_cAll_d06_mBR2_ch04.pkl,슬픔,
gBR_sBM_cAll_d06_mBR2_ch05.pkl,슬픔,
gBR_sBM_cAll_d06_mBR2_ch06.pkl,자신감,도전
gBR_sBM_cAll_d06_mBR2_ch07.pkl,슬픔,
gBR_sBM_cAll_d06_mBR2_ch08.pkl,슬픔,
gBR_sBM_cAll_d06_mBR2_ch09.pkl,혐오,공포
gBR_sBM_cAll_d06_mBR2_ch10.pkl,공포,차분함
gBR_sBM_cAll_d06_mBR3_ch01.pkl,자신감,
gBR_sBM_cAll_d06_mBR3_ch02.pkl,공포,자신감
gBR_sBM_cAll_d06_mBR3_ch03.pkl,자신감,
gBR_sBM_cAll_d06_mBR3_ch04.pkl,자신감,
gBR_sBM_cAll_d06_mBR3_ch05.pkl,슬픔,
gBR_sBM_cAll_d06_mBR3_ch06.pkl,자신감,도전
gBR_sBM_cAll_d06_mBR3_ch07.pkl,슬픔,
gBR_sBM_cAll_d06_mBR3_ch08.pkl,슬픔,분노
gBR_sBM_cAll_d06_mBR3_ch09.pkl,혐오,
gBR_sBM_cAll_d06_mBR3_ch10.pkl,자신감,차분함
gBR_sBM_cAll_d06_mBR4_ch01.pkl,자신감,
gBR_sBM_cAll_d06_mBR4_ch02.pkl,공포,자신감
gBR_sBM_cAll_d06_mBR4_ch03.pkl,자신감,
gBR_sBM_cAll_d06_mBR4_ch04.pkl,공포,
gBR_sBM_cAll_d06_mBR4_ch05.pkl,슬픔,
gBR_sBM_cAll_d06_mBR4_ch06.pkl,놀람,
gBR_sBM_cAll_d06_mBR4_ch07.pkl,슬픔,
gBR_sBM_cAll_d06_mBR4_ch08.pkl,슬픔,분노
gBR_sBM_cAll_d06_mBR4_ch09.pkl,자신감,
gBR_sBM_cAll_d06_mBR4_ch10.pkl,공포,
gBR_sBM_cAll_d06_mBR5_ch01.pkl,자신감,도전
gBR_sBM_cAll_d06_mBR5_ch02.pkl,자신감,
gBR_sBM_cAll_d06_mBR5_ch03.pkl,자신감,
gBR_sBM_cAll_d06_mBR5_ch04.pkl,슬픔,
gBR_sBM_cAll_d06_mBR5_ch05.pkl,슬픔,
gBR_sBM_cAll_d06_mBR5_ch06.pkl,열정,도전
gBR_sBM_cAll_d06_mBR5_ch07.pkl,슬픔,
gBR_sBM_cAll_d06_mBR5_ch08.pkl,슬픔,분노
gBR_sBM_cAll_d06_mBR5_ch09.pkl,자신감,
gBR_sBM_cAll_d06_mBR5_ch10.pkl,자신감,
gBR_sFM_cAll_d04_mBR0_ch01.pkl,슬픔,
gBR_sFM_cAll_d04_mBR1_ch02.pkl,자신감,차분함
gBR_sFM_cAll_d04_mBR2_ch03.pkl,자신감,
gBR_sFM_cAll_d04_mBR3_ch04.pkl,차분함,
gBR_sFM_cAll_d04_mBR4_ch05.pkl,슬픔,
gBR_sFM_cAll_d04_mBR4_ch07.pkl,슬픔,분노
gBR_sFM_cAll_d04_mBR5_ch06.pkl,슬픔,
gBR_sFM_cAll_d05_mBR1_ch08.pkl,차분함,
gBR_sFM_cAll_d05_mBR2_ch09.pkl,자신감,
gBR_sFM_cAll_d05_mBR3_ch10.pkl,자신감,
gBR_sFM_cAll_d05_mBR4_ch11.pkl,혐오,
gBR_sFM_cAll_d05_mBR4_ch13.pkl,슬픔,분노
gBR_sFM_cAll_d05_mBR5_ch12.pkl,슬픔,
gBR_sFM_cAll_d05_mBR5_ch14.pkl,슬픔,분노
gBR_sFM_cAll_d06_mBR1_ch15.pkl,자신감,
gBR_sFM_cAll_d06_mBR2_ch16.pkl,슬픔,
gBR_sFM_cAll_d06_mBR3_ch17.pkl,슬픔,
gBR_sFM_cAll_d06_mBR4_ch18.pkl,자신감,
gBR_sFM_cAll_d06_mBR4_ch20.pkl,희망,열정
gBR_sFM_cAll_d06_mBR5_ch19.pkl,슬픔,도전
gBR_sFM_cAll_d06_mBR5_ch21.pkl,행복,희망
gHO_sBM_cAll_d19_mHO0_ch01.pkl,공포,차분함
gHO_sBM_cAll_d19_mHO0_ch02.pkl,차분함,
gHO_sBM_cAll_d19_mHO0_ch03.pkl,자신감,
gHO_sBM_cAll_d19_mHO0_ch04.pkl,슬픔,
gHO_sBM_cAll_d19_mHO0_ch05.pkl,차분함,
gHO_sBM_cAll_d19_mHO0_ch06.pkl,슬픔,
gHO_sBM_cAll_d19_mHO0_ch07.pkl,슬픔,
gHO_sBM_cAll_d19_mHO0_ch08.pkl,슬픔,
gHO_sBM_cAll_d19_mHO0_ch09.pkl,차분함,
gHO_sBM_cAll_d19_mHO0_ch10.pkl,자신감,
gHO_sBM_cAll_d19_mHO1_ch01.pkl,공포,차분함
gHO_sBM_cAll_d19_mHO1_ch02.pkl,차분함,
gHO_sBM_cAll_d19_mHO1_ch03.pkl,자신감,
gHO_sBM_cAll_d19_mHO1_ch04.pkl,차분함,
gHO_sBM_cAll_d19_mHO1_ch05.pkl,차분함,
gHO_sBM_cAll_d19_mHO1_ch06.pkl,슬픔,
gHO_sBM_cAll_d19_mHO1_ch07.pkl,슬픔,
gHO_sBM_cAll_d19_mHO1_ch08.pkl,혐오,
gHO_sBM_cAll_d19_mHO1_ch09.pkl,자신감,
gHO_sBM_cAll_d19_mHO1_ch10.pkl,혐오,
gHO_sBM_cAll_d19_mHO2_ch01.pkl,공포,
gHO_sBM_cAll_d19_mHO2_ch02.pkl,차분함,
gHO_sBM_cAll_d19_mHO2_ch03.pkl,자신감,
gHO_sBM_cAll_d19_mHO2_ch04.pkl,슬픔,
gHO_sBM_cAll_d19_mHO2_ch05.pkl,차분함,
gHO_sBM_cAll_d19_mHO2_ch06.pkl,슬픔,
gHO_sBM_cAll_d19_mHO2_ch07.pkl,슬픔,
gHO_sBM_cAll_d19_mHO2_ch08.pkl,슬픔,
gHO_sBM_cAll_d19_mHO2_ch09.pkl,차분함,
gHO_sBM_cAll_d19_mHO2_ch10.pkl,자신감,
gHO_sBM_cAll_d19_mHO3_ch01.pkl,혐오,
gHO_sBM_cAll_d19_mHO3_ch02.pkl,자신감,
gHO_sBM_cAll_d19_mHO3_ch03.pkl,자신감,
gHO_sBM_cAll_d19_mHO3_ch04.pkl,슬픔,
gHO_sBM_cAll_d19_mHO3_ch05.pkl,자신감,
gHO_sBM_cAll_d19_mHO3_ch06.pkl,슬픔,
gHO_sBM_cAll_d19_mHO3_ch07.pkl,슬픔,
gHO_sBM_cAll_d19_mHO3_ch08.pkl,혐오,
gHO_sBM_cAll_d19_mHO3_ch09.pkl,혐오,
gHO_sBM_cAll_d19_mHO3_ch10.pkl,슬픔,
gHO_sBM_cAll_d20_mHO0_ch01.pkl,차분함,
gHO_sBM_cAll_d20_mHO0_ch02.pkl,자신감,
gHO_sBM_cAll_d20_mHO0_ch03.pkl,자신감,
gHO_sBM_cAll_d20_mHO0_ch04.pkl,슬픔,
gHO_sBM_cAll_d20_mHO0_ch05.pkl,차분함,
gHO_sBM_cAll_d20_mHO0_ch06.pkl,슬픔,
gHO_sBM_cAll_d20_mHO0_ch07.pkl,슬픔,
gHO_sBM_cAll_d20_mHO0_ch08.pkl,슬픔,
gHO_sBM_cAll_d20_mHO0_ch09.pkl,차분함,
gHO_sBM_cAll_d20_mHO0_ch10.pkl,자신감,
gHO_sBM_cAll_d20_mHO1_ch01.pkl,슬픔,도전
gHO_sBM_cAll_d20_mHO1_ch02.pkl,자신감,
gHO_sBM_cAll_d20_mHO1_ch03.pkl,희망,자신감
gHO_sBM_cAll_d20_mHO1_ch04.pkl,도전,
gHO_sBM_cAll_d20_mHO1_ch05.pkl,슬픔,
gHO_sBM_cAll_d20_mHO1_ch06.pkl,자신감,
gHO_sBM_cAll_d20_mHO1_ch07.pkl,슬픔,분노
gHO_sBM_cAll_d20_mHO1_ch08.pkl,슬픔,
gHO_sBM_cAll_d20_mHO1_ch09.pkl,도전,
gHO_sBM_cAll_d20_mHO1_ch10.pkl,열정,
gHO_sBM_cAll_d20_mHO4_ch01.pkl,슬픔,
gHO_sBM_cAll_d20_mHO4_ch02.pkl,자신감,차분함
gHO_sBM_cAll_d20_mHO4_ch03.pkl,슬픔,
gHO_sBM_cAll_d20_mHO4_ch04.pkl,슬픔,
gHO_sBM_cAll_d20_mHO4_ch05.pkl,슬픔,
gHO_sBM_cAll_d20_mHO4_ch06.pkl,슬픔,
gHO_sBM_cAll_d20_mHO4_ch07.pkl,슬픔,
gHO_sBM_cAll_d20_mHO4_ch08.pkl,슬픔,
gHO_sBM_cAll_d20_mHO4_ch09.pkl,차분함,
gHO_sBM_cAll_d20_mHO4_ch10.pkl,공포,
gHO_sBM_cAll_d20_mHO5_ch01.pkl,자신감,
gHO_sBM_cAll_d20_mHO5_ch02.pkl,자신감,
gHO_sBM_cAll_d20_mHO5_ch03.pkl,자신감,
gHO_sBM_cAll_d20_mHO5_ch04.pkl,자신감,
gHO_sBM_cAll_d20_mHO5_ch05.pkl,차분함,
gHO_sBM_cAll_d20_mHO5_ch06.pkl,차분함,
gHO_sBM_cAll_d20_mHO5_ch07.pkl,슬픔,
gHO_sBM_cAll_d20_mHO5_ch08.pkl,슬픔,
gHO_sBM_cAll_d20_mHO5_ch09.pkl,자신감,
gHO_sBM_cAll_d20_mHO5_ch10.pkl,공포,
gHO_sBM_cAll_d21_mHO2_ch01.pkl,자신감,
gHO_sBM_cAll_d21_mHO2_ch02.pkl,자신감,
gHO_sBM_cAll_d21_mHO2_ch03.pkl,자신감,
gHO_sBM_cAll_d21_mHO2_ch04.pkl,자신감,
gHO_sBM_cAll_d21_mHO2_ch05.pkl,자신감,
gHO_sBM_cAll_d21_mHO2_ch06.pkl,차분함,
gHO_sBM_cAll_d21_mHO2_ch07.pkl,슬픔,
gHO_sBM_cAll_d21_mHO2_ch08.pkl,슬픔,
gHO_sBM_cAll_d21_mHO2_ch09.pkl,자신감,
gHO_sBM_cAll_d21_mHO2_ch10.pkl,공포,
gHO_sBM_cAll_d21_mHO3_ch01.pkl,자신감,
gHO_sBM_cAll_d21_mHO3_ch02.pkl,자신감,
gHO_sBM_cAll_d21_mHO3_ch03.pkl,자신감,
gHO_sBM_cAll_d21_mHO3_ch04.pkl,놀람,
gHO_sBM_cAll_d21_mHO3_ch05.pkl,자신감,
gHO_sBM_cAll_d21_mHO3_ch06.pkl,놀람,
gHO_sBM_cAll_d21_mHO3_ch07.pkl,슬픔,
gHO_sBM_cAll_d21_mHO3_ch08.pkl,슬픔,
gHO_sBM_cAll_d21_mHO3_ch09.pkl,자신감,
gHO_sBM_cAll_d21_mHO3_ch10.pkl,슬픔,
gHO_sBM_cAll_d21_mHO4_ch01.pkl,자신감,
gHO_sBM_cAll_d21_mHO4_ch02.pkl,자신감,
gHO_sBM_cAll_d21_mHO4_ch03.pkl,자신감,
gHO_sBM_cAll_d21_mHO4_ch04.pkl,자신감,
gHO_sBM_cAll_d21_mHO4_ch05.pkl,자신감,
gHO_sBM_cAll_d21_mHO4_ch06.pkl,자신감,
gHO_sBM_cAll_d21_mHO4_ch07.pkl,슬픔,
gHO_sBM_cAll_d21_mHO4_ch08.pkl,슬픔,
gHO_sBM_cAll_d21_mHO4_ch09.pkl,자신감,
gHO_sBM_cAll_d21_mHO4_ch10.pkl,공포,
gHO_sBM_cAll_d21_mHO5_ch01.pkl,자신감,
gHO_sBM_cAll_d21_mHO5_ch02.pkl,자신감,
gHO_sBM_cAll_d21_mHO5_ch03.pkl,행복,희망
gHO_sBM_cAll_d21_mHO5_ch04.pkl,자신감,도전
gHO_sBM_cAll_d21_mHO5_ch05.pkl,자신감,
gHO_sBM_cAll_d21_mHO5_ch06.pkl,자신감,
gHO_sBM_cAll_d21_mHO5_ch07.pkl,슬픔,분노
gHO_sBM_cAll_d21_mHO5_ch08.pkl,슬픔,분노
gHO_sBM_cAll_d21_mHO5_ch09.pkl,희망,자신감
gHO_sBM_cAll_d21_mHO5_ch10.pkl,희망,자신감
gHO_sFM_cAll_d19_mHO0_ch01.pkl,공포,
gHO_sFM_cAll_d19_mHO1_ch02.pkl,슬픔,
gHO_sFM_cAll_d19_mHO2_ch03.pkl,슬픔,
gHO_sFM_cAll_d19_mHO2_ch07.pkl,열정,
gHO_sFM_cAll_d19_mHO3_ch04.pkl,슬픔,
gHO_sFM_cAll_d19_mHO4_ch05.pkl,열정,
gHO_sFM_cAll_d19_mHO5_ch06.pkl,혐오,
gHO_sFM_cAll_d20_mHO0_ch08.pkl,열정,도전
gHO_sFM_cAll_d20_mHO1_ch09.pkl,슬픔,분노
gHO_sFM_cAll_d20_mHO2_ch10.pkl,열정,
gHO_sFM_cAll_d20_mHO3_ch11.pkl,열정,
gHO_sFM_cAll_d20_mHO3_ch14.pkl,열정,도전
gHO_sFM_cAll_d20_mHO4_ch12.pkl,슬픔,
gHO_sFM_cAll_d20_mHO5_ch13.pkl,열정,도전
gHO_sFM_cAll_d21_mHO0_ch15.pkl,열정,
gHO_sFM_cAll_d21_mHO1_ch16.pkl,도전,
gHO_sFM_cAll_d21_mHO2_ch17.pkl,자신감,
gHO_sFM_cAll_d21_mHO3_ch18.pkl,희망,
gHO_sFM_cAll_d21_mHO3_ch21.pkl,열정,
gHO_sFM_cAll_d21_mHO4_ch19.pkl,열정,
gHO_sFM_cAll_d21_mHO5_ch20.pkl,열정,
gJB_sBM_cAll_d07_mJB0_ch01.pkl,공포,자신감
gJB_sBM_cAll_d07_mJB0_ch02.pkl,자신감,
gJB_sBM_cAll_d07_mJB0_ch03.pkl,행복,희망
gJB_sBM_cAll_d07_mJB0_ch04.pkl,공포,차분함
gJB_sBM_cAll_d07_mJB0_ch05.pkl,슬픔,차분함
gJB_sBM_cAll_d07_mJB0_ch06.pkl,자신감,도전
gJB_sBM_cAll_d07_mJB0_ch07.pkl,희망,자신감
gJB_sBM_cAll_d07_mJB0_ch08.pkl,공포,차분함
gJB_sBM_cAll_d07_mJB0_ch09.pkl,슬픔,분노
gJB_sBM_cAll_d07_mJB0_ch10.pkl,공포,차분함
gJB_sBM_cAll_d07_mJB1_ch01.pkl,희망,열정
gJB_sBM_cAll_d07_mJB1_ch02.pkl,희망,자신감
gJB_sBM_cAll_d07_mJB1_ch03.pkl,행복,희망
gJB_sBM_cAll_d07_mJB1_ch04.pkl,슬픔,공포
gJB_sBM_cAll_d07_mJB1_ch05.pkl,자신감,차분함
gJB_sBM_cAll_d07_mJB1_ch06.pkl,행복,희망
gJB_sBM_cAll_d07_mJB1_ch07.pkl,행복,희망
gJB_sBM_cAll_d07_mJB1_ch08.pkl,공포,자신감
gJB_sBM_cAll_d07_mJB1_ch09.pkl,행복,희망
gJB_sBM_cAll_d07_mJB1_ch10.pkl,공포,자신감
gJB_sBM_cAll_d07_mJB2_ch01.pkl,슬픔,분노
gJB_sBM_cAll_d07_mJB2_ch02.pkl,행복,희망
gJB_sBM_cAll_d07_mJB2_ch03.pkl,슬픔,분노
gJB_sBM_cAll_d07_mJB2_ch04.pkl,공포,자신감
gJB_sBM_cAll_d07_mJB2_ch05.pkl,슬픔,차분함
gJB_sBM_cAll_d07_mJB2_ch06.pkl,행복,희망
gJB_sBM_cAll_d07_mJB2_ch07.pkl,자신감,도전
gJB_sBM_cAll_d07_mJB2_ch08.pkl,공포,자신감
gJB_sBM_cAll_d07_mJB2_ch09.pkl,슬픔,분노
gJB_sBM_cAll_d07_mJB2_ch10.pkl,공포,자신감
gJB_sBM_cAll_d07_mJB3_ch01.pkl,행복,희망
gJB_sBM_cAll_d07_mJB3_ch02.pkl,희망,열정
gJB_sBM_cAll_d07_mJB3_ch03.pkl,행복,희망
gJB_sBM_cAll_d07_mJB3_ch04.pkl,공포,자신감
gJB_sBM_cAll_d07_mJB3_ch05.pkl,행복,놀람
gJB_sBM_cAll_d07_mJB3_ch06.pkl,행복,희망
gJB_sBM_cAll_d07_mJB3_ch07.pkl,자신감,도전
gJB_sBM_cAll_d07_mJB3_ch08.pkl,공포,차분함
gJB_sBM_cAll_d07_mJB3_ch09.pkl,행복,희망
gJB_sBM_cAll_d07_mJB3_ch10.pkl,공포,자신감
gJB_sBM_cAll_d08_mJB0_ch01.pkl,공포,
gJB_sBM_cAll_d08_mJB0_ch02.pkl,슬픔,
gJB_sBM_cAll_d08_mJB0_ch03.pkl,공포,
gJB_sBM_cAll_d08_mJB0_ch04.pkl,슬픔,공포
gJB_sBM_cAll_d08_mJB0_ch05.pkl,슬픔,차분함
gJB_sBM_cAll_d08_mJB0_ch06.pkl,행복,희망
gJB_sBM_cAll_d08_mJB0_ch07.pkl,열정,도전
gJB_sBM_cAll_d08_mJB0_ch08.pkl,공포,차분함
gJB_sBM_cAll_d08_mJB0_ch09.pkl,열정,
gJB_sBM_cAll_d08_mJB0_ch10.pkl,공포,차분함
gJB_sBM_cAll_d08_mJB1_ch01.pkl,자신감,
gJB_sBM_cAll_d08_mJB1_ch02.pkl,슬픔,
gJB_sBM_cAll_d08_mJB1_ch03.pkl,행복,희망
gJB_sBM_cAll_d08_mJB1_ch04.pkl,슬픔,공포
gJB_sBM_cAll_d08_mJB1_ch05.pkl,슬픔,
gJB_sBM_cAll_d08_mJB1_ch06.pkl,희망,열정
gJB_sBM_cAll_d08_mJB1_ch07.pkl,행복,희망
gJB_sBM_cAll_d08_mJB1_ch08.pkl,공포,차분함
gJB_sBM_cAll_d08_mJB1_ch09.pkl,슬픔,도전
gJB_sBM_cAll_d08_mJB1_ch10.pkl,공포,차분함
gJB_sBM_cAll_d08_mJB4_ch01.pkl,자신감,
gJB_sBM_cAll_d08_mJB4_ch02.pkl,혐오,
gJB_sBM_cAll_d08_mJB4_ch03.pkl,공포,
gJB_sBM_cAll_d08_mJB4_ch04.pkl,슬픔,공포
gJB_sBM_cAll_d08_mJB4_ch05.pkl,슬픔,
gJB_sBM_cAll_d08_mJB4_ch06.pkl,슬픔,분노
gJB_sBM_cAll_d08_mJB4_ch07.pkl,슬픔,분노
gJB_sBM_cAll_d08_mJB4_ch08.pkl,자신감,차분함
gJB_sBM_cAll_d08_mJB4_ch09.pkl,슬픔,
gJB_sBM_cAll_d08_mJB4_ch10.pkl,공포,자신감
gJB_sBM_cAll_d08_mJB5_ch01.pkl,공포,
gJB_sBM_cAll_d08_mJB5_ch02.pkl,자신감,
gJB_sBM_cAll_d08_mJB5_ch03.pkl,슬픔,공포
gJB_sBM_cAll_d08_mJB5_ch04.pkl,슬픔,공포
gJB_sBM_cAll_d08_mJB5_ch05.pkl,슬픔,
gJB_sBM_cAll_d08_mJB5_ch06.pkl,행복,희망
gJB_sBM_cAll_d08_mJB5_ch07.pkl,행복,희망
gJB_sBM_cAll_d08_mJB5_ch08.pkl,자신감,차분함
gJB_sBM_cAll_d08_mJB5_ch09.pkl,슬픔,
gJB_sBM_cAll_d08_mJB5_ch10.pkl,공포,차분함
gJB_sBM_cAll_d09_mJB2_ch01.pkl,공포,
gJB_sBM_cAll_d09_mJB2_ch02.pkl,슬픔,
gJB_sBM_cAll_d09_mJB2_ch03.pkl,슬픔,공포
gJB_sBM_cAll_d09_mJB2_ch04.pkl,자신감,차분함
gJB_sBM_cAll_d09_mJB2_ch05.pkl,슬픔,차분함
gJB_sBM_cAll_d09_mJB2_ch06.pkl,자신감,도전
gJB_sBM_cAll_d09_mJB2_ch07.pkl,슬픔,분노
gJB_sBM_cAll_d09_mJB2_ch08.pkl,슬픔,차분함
gJB_sBM_cAll_d09_mJB2_ch09.pkl,자신감,도전
gJB_sBM_cAll_d09_mJB2_ch10.pkl,슬픔,공포
gJB_sBM_cAll_d09_mJB3_ch01.pkl,공포,
gJB_sBM_cAll_d09_mJB3_ch02.pkl,슬픔,
gJB_sBM_cAll_d09_mJB3_ch03.pkl,슬픔,
gJB_sBM_cAll_d09_mJB3_ch04.pkl,차분함,
gJB_sBM_cAll_d09_mJB3_ch05.pkl,슬픔,차분함
gJB_sBM_cAll_d09_mJB3_ch06.pkl,행복,희망
gJB_sBM_cAll_d09_mJB3_ch07.pkl,열정,도전
gJB_sBM_cAll_d09_mJB3_ch08.pkl,슬픔,차분함
gJB_sBM_cAll_d09_mJB3_ch09.pkl,슬픔,도전
gJB_sBM_cAll_d09_mJB3_ch10.pkl,슬픔,공포
gJB_sBM_cAll_d09_mJB4_ch01.pkl,공포,
gJB_sBM_cAll_d09_mJB4_ch02.pkl,슬픔,
gJB_sBM_cAll_d09_mJB4_ch03.pkl,공포,
gJB_sBM_cAll_d09_mJB4_ch04.pkl,공포,차분함
gJB_sBM_cAll_d09_mJB4_ch05.pkl,슬픔,차분함
gJB_sBM_cAll_d09_mJB4_ch06.pkl,희망,열정
gJB_sBM_cAll_d09_mJB4_ch07.pkl,슬픔,분노
gJB_sBM_cAll_d09_mJB4_ch08.pkl,슬픔,차분함
gJB_sBM_cAll_d09_mJB4_ch09.pkl,슬픔,분노
gJB_sBM_cAll_d09_mJB4_ch10.pkl,슬픔,공포
gJB_sBM_cAll_d09_mJB5_ch01.pkl,공포,
gJB_sBM_cAll_d09_mJB5_ch02.pkl,슬픔,
gJB_sBM_cAll_d09_mJB5_ch03.pkl,슬픔,
gJB_sBM_cAll_d09_mJB5_ch04.pkl,자신감,차분함
gJB_sBM_cAll_d09_mJB5_ch05.pkl,슬픔,
gJB_sBM_cAll_d09_mJB5_ch06.pkl,행복,희망
gJB_sBM_cAll_d09_mJB5_ch07.pkl,슬픔,분노
gJB_sBM_cAll_d09_mJB5_ch08.pkl,슬픔,차분함
gJB_sBM_cAll_d09_mJB5_ch09.pkl,도전,
gJB_sBM_cAll_d09_mJB5_ch10.pkl,슬픔,공포
gJB_sFM_cAll_d07_mJB0_ch01.pkl,공포,자신감
gJB_sFM_cAll_d07_mJB1_ch02.pkl,자신감,
gJB_sFM_cAll_d07_mJB2_ch03.pkl,차분함,
gJB_sFM_cAll_d07_mJB3_ch04.pkl,슬픔,
gJB_sFM_cAll_d07_mJB3_ch07.pkl,자신감,
gJB_sFM_cAll_d07_mJB4_ch05.pkl,차분함,
gJB_sFM_cAll_d07_mJB5_ch06.pkl,자신감,
gJB_sFM_cAll_d08_mJB0_ch08.pkl,공포,자신감
gJB_sFM_cAll_d08_mJB1_ch09.pkl,공포,자신감
gJB_sFM_cAll_d08_mJB2_ch10.pkl,자신감,차분함
gJB_sFM_cAll_d08_mJB3_ch11.pkl,자신감,차분함
gJB_sFM_cAll_d08_mJB4_ch12.pkl,차분함,
gJB_sFM_cAll_d08_mJB5_ch13.pkl,자신감,차분함
gJB_sFM_cAll_d08_mJB5_ch14.pkl,자신감,
gJB_sFM_cAll_d09_mJB0_ch15.pkl,공포,자신감
gJB_sFM_cAll_d09_mJB1_ch16.pkl,공포,자신감
gJB_sFM_cAll_d09_mJB1_ch21.pkl,혐오,
gJB_sFM_cAll_d09_mJB2_ch17.pkl,공포,자신감
gJB_sFM_cAll_d09_mJB3_ch18.pkl,혐오,공포
gJB_sFM_cAll_d09_mJB4_ch19.pkl,슬픔,
gJB_sFM_cAll_d09_mJB5_ch20.pkl,공포,자신감
gJS_sBM_cAll_d01_mJS0_ch01.pkl,공포,차분함
gJS_sBM_cAll_d01_mJS0_ch02.pkl,공포,차분함
gJS_sBM_cAll_d01_mJS0_ch03.pkl,공포,자신감
gJS_sBM_cAll_d01_mJS0_ch04.pkl,자신감,
gJS_sBM_cAll_d01_mJS0_ch05.pkl,공포,차분함
gJS_sBM_cAll_d01_mJS0_ch06.pkl,자신감,
gJS_sBM_cAll_d01_mJS0_ch07.pkl,슬픔,공포
gJS_sBM_cAll_d01_mJS0_ch08.pkl,슬픔,도전
gJS_sBM_cAll_d01_mJS0_ch09.pkl,슬픔,
gJS_sBM_cAll_d01_mJS0_ch10.pkl,슬픔,공포
gJS_sBM_cAll_d01_mJS1_ch01.pkl,공포,차분함
gJS_sBM_cAll_d01_mJS1_ch02.pkl,공포,차분함
gJS_sBM_cAll_d01_mJS1_ch03.pkl,공포,자신감
gJS_sBM_cAll_d01_mJS1_ch04.pkl,자신감,
gJS_sBM_cAll_d01_mJS1_ch05.pkl,공포,차분함
gJS_sBM_cAll_d01_mJS1_ch06.pkl,행복,희망
gJS_sBM_cAll_d01_mJS1_ch07.pkl,슬픔,공포
gJS_sBM_cAll_d01_mJS1_ch08.pkl,슬픔,분노
gJS_sBM_cAll_d01_mJS1_ch09.pkl,슬픔,도전
gJS_sBM_cAll_d01_mJS1_ch10.pkl,슬픔,공포
gJS_sBM_cAll_d01_mJS2_ch01.pkl,공포,차분함
gJS_sBM_cAll_d01_mJS2_ch02.pkl,공포,차분함
gJS_sBM_cAll_d01_mJS2_ch03.pkl,공포,자신감
gJS_sBM_cAll_d01_mJS2_ch04.pkl,자신감,
gJS_sBM_cAll_d01_mJS2_ch05.pkl,공포,차분함
gJS_sBM_cAll_d01_mJS2_ch06.pkl,희망,열정
gJS_sBM_cAll_d01_mJS2_ch07.pkl,차분함,
gJS_sBM_cAll_d01_mJS2_ch08.pkl,슬픔,분노
gJS_sBM_cAll_d01_mJS2_ch09.pkl,슬픔,분노
gJS_sBM_cAll_d01_mJS2_ch10.pkl,슬픔,공포
gJS_sBM_cAll_d01_mJS3_ch01.pkl,공포,차분함
gJS_sBM_cAll_d01_mJS3_ch02.pkl,공포,차분함
gJS_sBM_cAll_d01_mJS3_ch03.pkl,자신감,
gJS_sBM_cAll_d01_mJS3_ch04.pkl,자신감,
gJS_sBM_cAll_d01_mJS3_ch05.pkl,공포,차분함
gJS_sBM_cAll_d01_mJS3_ch06.pkl,행복,희망
gJS_sBM_cAll_d01_mJS3_ch07.pkl,슬픔,
gJS_sBM_cAll_d01_mJS3_ch08.pkl,슬픔,분노
gJS_sBM_cAll_d01_mJS3_ch09.pkl,슬픔,분노
gJS_sBM_cAll_d01_mJS3_ch10.pkl,슬픔,공포
gJS_sBM_cAll_d02_mJS0_ch01.pkl,공포,자신감
gJS_sBM_cAll_d02_mJS0_ch02.pkl,공포,차분함
gJS_sBM_cAll_d02_mJS0_ch03.pkl,공포,자신감
gJS_sBM_cAll_d02_mJS0_ch04.pkl,차분함,
gJS_sBM_cAll_d02_mJS0_ch05.pkl,공포,자신감
gJS_sBM_cAll_d02_mJS0_ch06.pkl,슬픔,분노
gJS_sBM_cAll_d02_mJS0_ch07.pkl,공포,차분함
gJS_sBM_cAll_d02_mJS0_ch08.pkl,희망,열정
gJS_sBM_cAll_d02_mJS0_ch09.pkl,슬픔,도전
gJS_sBM_cAll_d02_mJS0_ch10.pkl,슬픔,공포
gJS_sBM_cAll_d02_mJS1_ch01.pkl,공포,자신감
gJS_sBM_cAll_d02_mJS1_ch02.pkl,공포,차분함
gJS_sBM_cAll_d02_mJS1_ch03.pkl,공포,자신감
gJS_sBM_cAll_d02_mJS1_ch04.pkl,슬픔,
gJS_sBM_cAll_d02_mJS1_ch05.pkl,공포,자신감
gJS_sBM_cAll_d02_mJS1_ch06.pkl,슬픔,분노
gJS_sBM_cAll_d02_mJS1_ch07.pkl,슬픔,
gJS_sBM_cAll_d02_mJS1_ch08.pkl,행복,희망
gJS_sBM_cAll_d02_mJS1_ch09.pkl,슬픔,분노
gJS_sBM_cAll_d02_mJS1_ch10.pkl,슬픔,공포
gJS_sBM_cAll_d02_mJS4_ch01.pkl,공포,자신감
gJS_sBM_cAll_d02_mJS4_ch02.pkl,공포,자신감
gJS_sBM_cAll_d02_mJS4_ch03.pkl,자신감,
gJS_sBM_cAll_d02_mJS4_ch04.pkl,슬픔,
gJS_sBM_cAll_d02_mJS4_ch05.pkl,공포,자신감
gJS_sBM_cAll_d02_mJS4_ch06.pkl,슬픔,분노
gJS_sBM_cAll_d02_mJS4_ch07.pkl,슬픔,
gJS_sBM_cAll_d02_mJS4_ch08.pkl,행복,희망
gJS_sBM_cAll_d02_mJS4_ch09.pkl,슬픔,분노
gJS_sBM_cAll_d02_mJS4_ch10.pkl,슬픔,공포
gJS_sBM_cAll_d02_mJS5_ch01.pkl,공포,자신감
gJS_sBM_cAll_d02_mJS5_ch02.pkl,공포,자신감
gJS_sBM_cAll_d02_mJS5_ch03.pkl,자신감,
gJS_sBM_cAll_d02_mJS5_ch04.pkl,슬픔,
gJS_sBM_cAll_d02_mJS5_ch05.pkl,공포,자신감
gJS_sBM_cAll_d02_mJS5_ch06.pkl,슬픔,분노
gJS_sBM_cAll_d02_mJS5_ch07.pkl,슬픔,
gJS_sBM_cAll_d02_mJS5_ch08.pkl,열정,도전
gJS_sBM_cAll_d02_mJS5_ch09.pkl,슬픔,분노
gJS_sBM_cAll_d02_mJS5_ch10.pkl,슬픔,공포
gJS_sBM_cAll_d03_mJS2_ch01.pkl,공포,차분함
gJS_sBM_cAll_d03_mJS2_ch02.pkl,공포,차분함
gJS_sBM_cAll_d03_mJS2_ch03.pkl,공포,자신감
gJS_sBM_cAll_d03_mJS2_ch04.pkl,혐오,
gJS_sBM_cAll_d03_mJS2_ch05.pkl,슬픔,공포
gJS_sBM_cAll_d03_mJS2_ch06.pkl,행복,희망
gJS_sBM_cAll_d03_mJS2_ch07.pkl,슬픔,
gJS_sBM_cAll_d03_mJS2_ch08.pkl,슬픔,분노
gJS_sBM_cAll_d03_mJS2_ch09.pkl,슬픔,
gJS_sBM_cAll_d03_mJS2_ch10.pkl,슬픔,공포
gJS_sBM_cAll_d03_mJS3_ch01.pkl,공포,차분함
gJS_sBM_cAll_d03_mJS3_ch02.pkl,공포,차분함
gJS_sBM_cAll_d03_mJS3_ch03.pkl,공포,자신감
gJS_sBM_cAll_d03_mJS3_ch04.pkl,도전,
gJS_sBM_cAll_d03_mJS3_ch05.pkl,슬픔,공포
gJS_sBM_cAll_d03_mJS3_ch06.pkl,행복,희망
gJS_sBM_cAll_d03_mJS3_ch07.pkl,공포,
gJS_sBM_cAll_d03_mJS3_ch08.pkl,열정,도전
gJS_sBM_cAll_d03_mJS3_ch09.pkl,슬픔,
gJS_sBM_cAll_d03_mJS3_ch10.pkl,슬픔,분노
gJS_sBM_cAll_d03_mJS4_ch01.pkl,공포,차분함
gJS_sBM_cAll_d03_mJS4_ch02.pkl,공포,차분함
gJS_sBM_cAll_d03_mJS4_ch03.pkl,자신감,
gJS_sBM_cAll_d03_mJS4_ch04.pkl,도전,
gJS_sBM_cAll_d03_mJS4_ch05.pkl,슬픔,공포
gJS_sBM_cAll_d03_mJS4_ch06.pkl,행복,희망
gJS_sBM_cAll_d03_mJS4_ch07.pkl,슬픔,
gJS_sBM_cAll_d03_mJS4_ch08.pkl,열정,도전
gJS_sBM_cAll_d03_mJS4_ch09.pkl,슬픔,
gJS_sBM_cAll_d03_mJS4_ch10.pkl,슬픔,공포
gJS_sBM_cAll_d03_mJS5_ch01.pkl,공포,자신감
gJS_sBM_cAll_d03_mJS5_ch02.pkl,공포,차분함
gJS_sBM_cAll_d03_mJS5_ch03.pkl,자신감,
gJS_sBM_cAll_d03_mJS5_ch04.pkl,슬픔,도전
gJS_sBM_cAll_d03_mJS5_ch05.pkl,슬픔,공포
gJS_sBM_cAll_d03_mJS5_ch06.pkl,행복,희망
gJS_sBM_cAll_d03_mJS5_ch07.pkl,슬픔,
gJS_sBM_cAll_d03_mJS5_ch08.pkl,희망,열정
gJS_sBM_cAll_d03_mJS5_ch09.pkl,슬픔,
gJS_sBM_cAll_d03_mJS5_ch10.pkl,슬픔,공포
gJS_sFM_cAll_d01_mJS0_ch01.pkl,놀람,희망
gJS_sFM_cAll_d01_mJS1_ch02.pkl,놀람,열정
gJS_sFM_cAll_d01_mJS1_ch07.pkl,혐오,
gJS_sFM_cAll_d01_mJS2_ch03.pkl,자신감,도전
gJS_sFM_cAll_d01_mJS3_ch04.pkl,열정,도전
gJS_sFM_cAll_d01_mJS4_ch05.pkl,자신감,
gJS_sFM_cAll_d01_mJS5_ch06.pkl,열정,
gJS_sFM_cAll_d02_mJS0_ch08.pkl,행복,희망
gJS_sFM_cAll_d02_mJS1_ch02.pkl,혐오,
gJS_sFM_cAll_d02_mJS1_ch11.pkl,행복,희망
gJS_sFM_cAll_d02_mJS2_ch03.pkl,자신감,
gJS_sFM_cAll_d02_mJS3_ch04.pkl,열정,도전
gJS_sFM_cAll_d02_mJS4_ch09.pkl,희망,열정
gJS_sFM_cAll_d02_mJS5_ch10.pkl,행복,희망
gJS_sFM_cAll_d03_mJS0_ch01.pkl,희망,열정
gJS_sFM_cAll_d03_mJS1_ch02.pkl,혐오,
gJS_sFM_cAll_d03_mJS2_ch03.pkl,자신감,
gJS_sFM_cAll_d03_mJS3_ch04.pkl,열정,
gJS_sFM_cAll_d03_mJS4_ch12.pkl,슬픔,
gJS_sFM_cAll_d03_mJS5_ch13.pkl,희망,자신감
gJS_sFM_cAll_d03_mJS5_ch14.pkl,열정,
gKR_sBM_cAll_d28_mKR0_ch01.pkl,차분함,
gKR_sBM_cAll_d28_mKR0_ch02.pkl,공포,차분함
gKR_sBM_cAll_d28_mKR0_ch03.pkl,슬픔,공포
gKR_sBM_cAll_d28_mKR0_ch04.pkl,슬픔,공포
gKR_sBM_cAll_d28_mKR0_ch05.pkl,자신감,
gKR_sBM_cAll_d28_mKR0_ch06.pkl,차분함,
gKR_sBM_cAll_d28_mKR0_ch07.pkl,도전,
gKR_sBM_cAll_d28_mKR0_ch08.pkl,공포,자신감
gKR_sBM_cAll_d28_mKR0_ch09.pkl,자신감,차분함
gKR_sBM_cAll_d28_mKR0_ch10.pkl,공포,차분함
gKR_sBM_cAll_d28_mKR1_ch01.pkl,슬픔,도전
gKR_sBM_cAll_d28_mKR1_ch02.pkl,차분함,
gKR_sBM_cAll_d28_mKR1_ch03.pkl,슬픔,사랑
gKR_sBM_cAll_d28_mKR1_ch04.pkl,차분함,
gKR_sBM_cAll_d28_mKR1_ch05.pkl,자신감,
gKR_sBM_cAll_d28_mKR1_ch06.pkl,자신감,
gKR_sBM_cAll_d28_mKR1_ch07.pkl,열정,도전
gKR_sBM_cAll_d28_mKR1_ch08.pkl,열정,
gKR_sBM_cAll_d28_mKR1_ch09.pkl,자신감,
gKR_sBM_cAll_d28_mKR1_ch10.pkl,공포,
gKR_sBM_cAll_d28_mKR2_ch01.pkl,차분함,
gKR_sBM_cAll_d28_mKR2_ch02.pkl,차분함,
gKR_sBM_cAll_d28_mKR2_ch03.pkl,슬픔,공포
gKR_sBM_cAll_d28_mKR2_ch04.pkl,슬픔,공포
gKR_sBM_cAll_d28_mKR2_ch05.pkl,혐오,
gKR_sBM_cAll_d28_mKR2_ch06.pkl,혐오,
gKR_sBM_cAll_d28_mKR2_ch07.pkl,열정,도전
gKR_sBM_cAll_d28_mKR2_ch08.pkl,슬픔,
gKR_sBM_cAll_d28_mKR2_ch09.pkl,자신감,
gKR_sBM_cAll_d28_mKR2_ch10.pkl,공포,자신감
gKR_sBM_cAll_d28_mKR3_ch01.pkl,슬픔,분노
gKR_sBM_cAll_d28_mKR3_ch02.pkl,자신감,도전
gKR_sBM_cAll_d28_mKR3_ch03.pkl,행복,희망
gKR_sBM_cAll_d28_mKR3_ch04.pkl,자신감,
gKR_sBM_cAll_d28_mKR3_ch05.pkl,열정,도전
gKR_sBM_cAll_d28_mKR3_ch06.pkl,도전,
gKR_sBM_cAll_d28_mKR3_ch07.pkl,슬픔,분노
gKR_sBM_cAll_d28_mKR3_ch08.pkl,슬픔,분노
gKR_sBM_cAll_d28_mKR3_ch09.pkl,자신감,
gKR_sBM_cAll_d28_mKR3_ch10.pkl,자신감,
gKR_sBM_cAll_d29_mKR0_ch01.pkl,자신감,
gKR_sBM_cAll_d29_mKR0_ch02.pkl,슬픔,공포
gKR_sBM_cAll_d29_mKR0_ch03.pkl,슬픔,공포
gKR_sBM_cAll_d29_mKR0_ch04.pkl,공포,사랑
gKR_sBM_cAll_d29_mKR0_ch05.pkl,희망,자신감
gKR_sBM_cAll_d29_mKR0_ch06.pkl,자신감,
gKR_sBM_cAll_d29_mKR0_ch07.pkl,놀람,
gKR_sBM_cAll_d29_mKR0_ch08.pkl,놀람,
gKR_sBM_cAll_d29_mKR0_ch09.pkl,자신감,
gKR_sBM_cAll_d29_mKR0_ch10.pkl,공포,자신감
gKR_sBM_cAll_d29_mKR1_ch01.pkl,희망,자신감
gKR_sBM_cAll_d29_mKR1_ch02.pkl,자신감,
gKR_sBM_cAll_d29_mKR1_ch03.pkl,행복,희망
gKR_sBM_cAll_d29_mKR1_ch04.pkl,열정,
gKR_sBM_cAll_d29_mKR1_ch05.pkl,자신감,
gKR_sBM_cAll_d29_mKR1_ch06.pkl,자신감,
gKR_sBM_cAll_d29_mKR1_ch07.pkl,열정,도전
gKR_sBM_cAll_d29_mKR1_ch08.pkl,슬픔,
gKR_sBM_cAll_d29_mKR1_ch09.pkl,자신감,
gKR_sBM_cAll_d29_mKR1_ch10.pkl,자신감,
gKR_sBM_cAll_d29_mKR4_ch01.pkl,자신감,
gKR_sBM_cAll_d29_mKR4_ch02.pkl,차분함,
gKR_sBM_cAll_d29_mKR4_ch03.pkl,공포,사랑
gKR_sBM_cAll_d29_mKR4_ch04.pkl,공포,사랑
gKR_sBM_cAll_d29_mKR4_ch05.pkl,자신감,
gKR_sBM_cAll_d29_mKR4_ch06.pkl,자신감,차분함
gKR_sBM_cAll_d29_mKR4_ch07.pkl,슬픔,
gKR_sBM_cAll_d29_mKR4_ch08.pkl,차분함,
gKR_sBM_cAll_d29_mKR4_ch09.pkl,공포,자신감
gKR_sBM_cAll_d29_mKR4_ch10.pkl,공포,차분함
gKR_sBM_cAll_d29_mKR5_ch01.pkl,자신감,
gKR_sBM_cAll_d29_mKR5_ch02.pkl,차분함,
gKR_sBM_cAll_d29_mKR5_ch03.pkl,사랑,자신감
gKR_sBM_cAll_d29_mKR5_ch04.pkl,놀람,
gKR_sBM_cAll_d29_mKR5_ch05.pkl,자신감,
gKR_sBM_cAll_d29_mKR5_ch06.pkl,자신감,
gKR_sBM_cAll_d29_mKR5_ch07.pkl,슬픔,
gKR_sBM_cAll_d29_mKR5_ch08.pkl,자신감,
gKR_sBM_cAll_d29_mKR5_ch09.pkl,공포,차분함
gKR_sBM_cAll_d29_mKR5_ch10.pkl,자신감,
gKR_sBM_cAll_d30_mKR2_ch01.pkl,차분함,
gKR_sBM_cAll_d30_mKR2_ch02.pkl,차분함,
gKR_sBM_cAll_d30_mKR2_ch03.pkl,공포,
gKR_sBM_cAll_d30_mKR2_ch04.pkl,슬픔,
gKR_sBM_cAll_d30_mKR2_ch05.pkl,슬픔,
gKR_sBM_cAll_d30_mKR2_ch06.pkl,자신감,
gKR_sBM_cAll_d30_mKR2_ch07.pkl,슬픔,분노
gKR_sBM_cAll_d30_mKR2_ch08.pkl,슬픔,
gKR_sBM_cAll_d30_mKR2_ch09.pkl,공포,차분함
gKR_sBM_cAll_d30_mKR2_ch10.pkl,공포,차분함
gKR_sBM_cAll_d30_mKR3_ch01.pkl,슬픔,도전
gKR_sBM_cAll_d30_mKR3_ch02.pkl,슬픔,
gKR_sBM_cAll_d30_mKR3_ch03.pkl,자신감,
gKR_sBM_cAll_d30_mKR3_ch04.pkl,슬픔,
gKR_sBM_cAll_d30_mKR3_ch05.pkl,자신감,
gKR_sBM_cAll_d30_mKR3_ch06.pkl,혐오,
gKR_sBM_cAll_d30_mKR3_ch07.pkl,슬픔,분노
gKR_sBM_cAll_d30_mKR3_ch08.pkl,슬픔,
gKR_sBM_cAll_d30_mKR3_ch09.pkl,공포,자신감
gKR_sBM_cAll_d30_mKR3_ch10.pkl,공포,
gKR_sBM_cAll_d30_mKR4_ch01.pkl,혐오,
gKR_sBM_cAll_d30_mKR4_ch02.pkl,차분함,
gKR_sBM_cAll_d30_mKR4_ch03.pkl,공포,
gKR_sBM_cAll_d30_mKR4_ch04.pkl,슬픔,
gKR_sBM_cAll_d30_mKR4_ch05.pkl,슬픔,
gKR_sBM_cAll_d30_mKR4_ch06.pkl,자신감,
gKR_sBM_cAll_d30_mKR4_ch07.pkl,슬픔,분노
gKR_sBM_cAll_d30_mKR4_ch08.pkl,슬픔,
gKR_sBM_cAll_d30_mKR4_ch09.pkl,공포,자신감
gKR_sBM_cAll_d30_mKR4_ch10.pkl,공포,
gKR_sBM_cAll_d30_mKR5_ch01.pkl,슬픔,분노
gKR_sBM_cAll_d30_mKR5_ch02.pkl,슬픔,분노
gKR_sBM_cAll_d30_mKR5_ch03.pkl,행복,희망
gKR_sBM_cAll_d30_mKR5_ch04.pkl,슬픔,분노
gKR_sBM_cAll_d30_mKR5_ch05.pkl,슬픔,분노
gKR_sBM_cAll_d30_mKR5_ch06.pkl,자신감,
gKR_sBM_cAll_d30_mKR5_ch07.pkl,슬픔,분노
gKR_sBM_cAll_d30_mKR5_ch08.pkl,슬픔,분노
gKR_sBM_cAll_d30_mKR5_ch09.pkl,자신감,
gKR_sBM_cAll_d30_mKR5_ch10.pkl,자신감,
gKR_sFM_cAll_d28_mKR0_ch01.pkl,열정,
gKR_sFM_cAll_d28_mKR1_ch02.pkl,열정,
gKR_sFM_cAll_d28_mKR2_ch03.pkl,슬픔,
gKR_sFM_cAll_d28_mKR3_ch04.pkl,슬픔,
gKR_sFM_cAll_d28_mKR3_ch07.pkl,자신감,
gKR_sFM_cAll_d28_mKR4_ch05.pkl,자신감,
gKR_sFM_cAll_d28_mKR5_ch06.pkl,열정,
gKR_sFM_cAll_d29_mKR0_ch08.pkl,놀람,
gKR_sFM_cAll_d29_mKR1_ch09.pkl,자신감,
gKR_sFM_cAll_d29_mKR2_ch10.pkl,희망,자신감
gKR_sFM_cAll_d29_mKR3_ch11.pkl,슬픔,
gKR_sFM_cAll_d29_mKR4_ch12.pkl,슬픔,
gKR_sFM_cAll_d29_mKR5_ch13.pkl,슬픔,
gKR_sFM_cAll_d29_mKR5_ch14.pkl,자신감,
gKR_sFM_cAll_d30_mKR0_ch15.pkl,슬픔,
gKR_sFM_cAll_d30_mKR1_ch16.pkl,혐오,
gKR_sFM_cAll_d30_mKR2_ch17.pkl,공포,
gKR_sFM_cAll_d30_mKR3_ch18.pkl,자신감,
gKR_sFM_cAll_d30_mKR3_ch21.pkl,열정,
gKR_sFM_cAll_d30_mKR4_ch19.pkl,열정,
gKR_sFM_cAll_d30_mKR5_ch20.pkl,자신감,
gLH_sBM_cAll_d16_mLH0_ch01.pkl,슬픔,
gLH_sBM_cAll_d16_mLH0_ch02.pkl,차분함,
gLH_sBM_cAll_d16_mLH0_ch03.pkl,차분함,
gLH_sBM_cAll_d16_mLH0_ch04.pkl,공포,
gLH_sBM_cAll_d16_mLH0_ch05.pkl,자신감,차분함
gLH_sBM_cAll_d16_mLH0_ch06.pkl,슬픔,
gLH_sBM_cAll_d16_mLH0_ch07.pkl,공포,차분함
gLH_sBM_cAll_d16_mLH0_ch08.pkl,공포,자신감
gLH_sBM_cAll_d16_mLH0_ch09.pkl,자신감,
gLH_sBM_cAll_d16_mLH0_ch10.pkl,공포,차분함
gLH_sBM_cAll_d16_mLH1_ch01.pkl,도전,
gLH_sBM_cAll_d16_mLH1_ch02.pkl,희망,자신감
gLH_sBM_cAll_d16_mLH1_ch03.pkl,자신감,
gLH_sBM_cAll_d16_mLH1_ch04.pkl,자신감,
gLH_sBM_cAll_d16_mLH1_ch05.pkl,자신감,
gLH_sBM_cAll_d16_mLH1_ch06.pkl,슬픔,
gLH_sBM_cAll_d16_mLH1_ch07.pkl,슬픔,
gLH_sBM_cAll_d16_mLH1_ch08.pkl,공포,
gLH_sBM_cAll_d16_mLH1_ch09.pkl,도전,
gLH_sBM_cAll_d16_mLH1_ch10.pkl,공포,차분함
gLH_sBM_cAll_d16_mLH2_ch01.pkl,슬픔,도전
gLH_sBM_cAll_d16_mLH2_ch02.pkl,자신감,도전
gLH_sBM_cAll_d16_mLH2_ch03.pkl,자신감,
gLH_sBM_cAll_d16_mLH2_ch04.pkl,놀람,
gLH_sBM_cAll_d16_mLH2_ch05.pkl,자신감,
gLH_sBM_cAll_d16_mLH2_ch06.pkl,슬픔,
gLH_sBM_cAll_d16_mLH2_ch07.pkl,슬픔,
gLH_sBM_cAll_d16_mLH2_ch08.pkl,자신감,
gLH_sBM_cAll_d16_mLH2_ch09.pkl,도전,
gLH_sBM_cAll_d16_mLH2_ch10.pkl,공포,차분함
gLH_sBM_cAll_d16_mLH3_ch01.pkl,열정,도전
gLH_sBM_cAll_d16_mLH3_ch02.pkl,행복,희망
gLH_sBM_cAll_d16_mLH3_ch03.pkl,자신감,
gLH_sBM_cAll_d16_mLH3_ch04.pkl,열정,
gLH_sBM_cAll_d16_mLH3_ch05.pkl,자신감,도전
gLH_sBM_cAll_d16_mLH3_ch06.pkl,열정,
gLH_sBM_cAll_d16_mLH3_ch07.pkl,슬픔,
gLH_sBM_cAll_d16_mLH3_ch08.pkl,자신감,
gLH_sBM_cAll_d16_mLH3_ch09.pkl,희망,열정
gLH_sBM_cAll_d16_mLH3_ch10.pkl,슬픔,
gLH_sBM_cAll_d17_mLH0_ch01.pkl,놀람,
gLH_sBM_cAll_d17_mLH0_ch02.pkl,슬픔,
gLH_sBM_cAll_d17_mLH0_ch03.pkl,차분함,
gLH_sBM_cAll_d17_mLH0_ch04.pkl,슬픔,공포
gLH_sBM_cAll_d17_mLH0_ch05.pkl,자신감,
gLH_sBM_cAll_d17_mLH0_ch06.pkl,슬픔,
gLH_sBM_cAll_d17_mLH0_ch07.pkl,슬픔,공포
gLH_sBM_cAll_d17_mLH0_ch08.pkl,공포,차분함
gLH_sBM_cAll_d17_mLH0_ch09.pkl,차분함,
gLH_sBM_cAll_d17_mLH0_ch10.pkl,공포,차분함
gLH_sBM_cAll_d17_mLH1_ch01.pkl,열정,도전
gLH_sBM_cAll_d17_mLH1_ch02.pkl,열정,도전
gLH_sBM_cAll_d17_mLH1_ch03.pkl,도전,
gLH_sBM_cAll_d17_mLH1_ch04.pkl,슬픔,
gLH_sBM_cAll_d17_mLH1_ch05.pkl,자신감,
gLH_sBM_cAll_d17_mLH1_ch06.pkl,슬픔,
gLH_sBM_cAll_d17_mLH1_ch07.pkl,슬픔,
gLH_sBM_cAll_d17_mLH1_ch08.pkl,자신감,
gLH_sBM_cAll_d17_mLH1_ch09.pkl,도전,
gLH_sBM_cAll_d17_mLH1_ch10.pkl,공포,차분함
gLH_sBM_cAll_d17_mLH4_ch01.pkl,행복,희망
gLH_sBM_cAll_d17_mLH4_ch02.pkl,자신감,
gLH_sBM_cAll_d17_mLH4_ch03.pkl,자신감,
gLH_sBM_cAll_d17_mLH4_ch04.pkl,공포,자신감
gLH_sBM_cAll_d17_mLH4_ch05.pkl,도전,
gLH_sBM_cAll_d17_mLH4_ch06.pkl,슬픔,
gLH_sBM_cAll_d17_mLH4_ch07.pkl,공포,
gLH_sBM_cAll_d17_mLH4_ch08.pkl,공포,차분함
gLH_sBM_cAll_d17_mLH4_ch09.pkl,도전,
gLH_sBM_cAll_d17_mLH4_ch10.pkl,공포,차분함
gLH_sBM_cAll_d17_mLH5_ch01.pkl,행복,희망
gLH_sBM_cAll_d17_mLH5_ch02.pkl,희망,자신감
gLH_sBM_cAll_d17_mLH5_ch03.pkl,자신감,
gLH_sBM_cAll_d17_mLH5_ch04.pkl,공포,
gLH_sBM_cAll_d17_mLH5_ch05.pkl,자신감,
gLH_sBM_cAll_d17_mLH5_ch06.pkl,슬픔,
gLH_sBM_cAll_d17_mLH5_ch07.pkl,슬픔,공포
gLH_sBM_cAll_d17_mLH5_ch08.pkl,공포,차분함
gLH_sBM_cAll_d17_mLH5_ch09.pkl,슬픔,
gLH_sBM_cAll_d17_mLH5_ch10.pkl,공포,차분함
gLH_sBM_cAll_d18_mLH2_ch01.pkl,자신감,
gLH_sBM_cAll_d18_mLH2_ch02.pkl,도전,
gLH_sBM_cAll_d18_mLH2_ch03.pkl,자신감,
gLH_sBM_cAll_d18_mLH2_ch04.pkl,자신감,
gLH_sBM_cAll_d18_mLH2_ch05.pkl,자신감,
gLH_sBM_cAll_d18_mLH2_ch06.pkl,슬픔,
gLH_sBM_cAll_d18_mLH2_ch07.pkl,슬픔,
gLH_sBM_cAll_d18_mLH2_ch08.pkl,공포,차분함
gLH_sBM_cAll_d18_mLH2_ch09.pkl,슬픔,
gLH_sBM_cAll_d18_mLH2_ch10.pkl,공포,차분함
gLH_sBM_cAll_d18_mLH3_ch01.pkl,도전,
gLH_sBM_cAll_d18_mLH3_ch02.pkl,슬픔,도전
gLH_sBM_cAll_d18_mLH3_ch03.pkl,슬픔,
gLH_sBM_cAll_d18_mLH3_ch04.pkl,자신감,
gLH_sBM_cAll_d18_mLH3_ch05.pkl,자신감,
gLH_sBM_cAll_d18_mLH3_ch06.pkl,슬픔,
gLH_sBM_cAll_d18_mLH3_ch07.pkl,슬픔,
gLH_sBM_cAll_d18_mLH3_ch08.pkl,차분함,
gLH_sBM_cAll_d18_mLH3_ch09.pkl,슬픔,
gLH_sBM_cAll_d18_mLH3_ch10.pkl,슬픔,공포
gLH_sBM_cAll_d18_mLH4_ch01.pkl,슬픔,분노
gLH_sBM_cAll_d18_mLH4_ch02.pkl,슬픔,분노
gLH_sBM_cAll_d18_mLH4_ch03.pkl,자신감,
gLH_sBM_cAll_d18_mLH4_ch04.pkl,슬픔,
gLH_sBM_cAll_d18_mLH4_ch05.pkl,자신감,도전
gLH_sBM_cAll_d18_mLH4_ch06.pkl,열정,
gLH_sBM_cAll_d18_mLH4_ch07.pkl,슬픔,
gLH_sBM_cAll_d18_mLH4_ch08.pkl,슬픔,
gLH_sBM_cAll_d18_mLH4_ch09.pkl,도전,
gLH_sBM_cAll_d18_mLH4_ch10.pkl,슬픔,공포
gLH_sBM_cAll_d18_mLH5_ch01.pkl,행복,희망
gLH_sBM_cAll_d18_mLH5_ch02.pkl,열정,도전
gLH_sBM_cAll_d18_mLH5_ch03.pkl,열정,
gLH_sBM_cAll_d18_mLH5_ch04.pkl,슬픔,
gLH_sBM_cAll_d18_mLH5_ch05.pkl,희망,자신감
gLH_sBM_cAll_d18_mLH5_ch06.pkl,행복,희망
gLH_sBM_cAll_d18_mLH5_ch07.pkl,슬픔,
gLH_sBM_cAll_d18_mLH5_ch08.pkl,슬픔,
gLH_sBM_cAll_d18_mLH5_ch09.pkl,슬픔,분노
gLH_sBM_cAll_d18_mLH5_ch10.pkl,슬픔,
gLH_sFM_cAll_d16_mLH0_ch01.pkl,공포,
gLH_sFM_cAll_d16_mLH1_ch02.pkl,열정,
gLH_sFM_cAll_d16_mLH2_ch03.pkl,혐오,
gLH_sFM_cAll_d16_mLH3_ch04.pkl,혐오,
gLH_sFM_cAll_d16_mLH3_ch07.pkl,도전,
gLH_sFM_cAll_d16_mLH4_ch05.pkl,슬픔,
gLH_sFM_cAll_d16_mLH5_ch06.pkl,슬픔,
gLH_sFM_cAll_d17_mLH0_ch08.pkl,슬픔,
gLH_sFM_cAll_d17_mLH0_ch14.pkl,자신감,
gLH_sFM_cAll_d17_mLH1_ch09.pkl,놀람,
gLH_sFM_cAll_d17_mLH2_ch10.pkl,자신감,
gLH_sFM_cAll_d17_mLH3_ch11.pkl,놀람,
gLH_sFM_cAll_d17_mLH4_ch12.pkl,슬픔,
gLH_sFM_cAll_d17_mLH5_ch13.pkl,놀람,
gLH_sFM_cAll_d18_mLH0_ch15.pkl,공포,
gLH_sFM_cAll_d18_mLH0_ch21.pkl,공포,
gLH_sFM_cAll_d18_mLH1_ch16.pkl,자신감,
gLH_sFM_cAll_d18_mLH2_ch17.pkl,공포,
gLH_sFM_cAll_d18_mLH3_ch18.pkl,슬픔,
gLH_sFM_cAll_d18_mLH4_ch19.pkl,자신감,
gLH_sFM_cAll_d18_mLH5_ch20.pkl,슬픔,
gLO_sBM_cAll_d13_mLO0_ch01.pkl,공포,차분함
gLO_sBM_cAll_d13_mLO0_ch02.pkl,슬픔,공포
gLO_sBM_cAll_d13_mLO0_ch03.pkl,공포,차분함
gLO_sBM_cAll_d13_mLO0_ch04.pkl,공포,자신감
gLO_sBM_cAll_d13_mLO0_ch05.pkl,차분함,
gLO_sBM_cAll_d13_mLO0_ch06.pkl,슬픔,
gLO_sBM_cAll_d13_mLO0_ch07.pkl,자신감,
gLO_sBM_cAll_d13_mLO0_ch08.pkl,도전,
gLO_sBM_cAll_d13_mLO0_ch09.pkl,슬픔,
gLO_sBM_cAll_d13_mLO0_ch10.pkl,슬픔,
gLO_sBM_cAll_d13_mLO1_ch01.pkl,공포,자신감
gLO_sBM_cAll_d13_mLO1_ch02.pkl,슬픔,차분함
gLO_sBM_cAll_d13_mLO1_ch03.pkl,공포,차분함
gLO_sBM_cAll_d13_mLO1_ch04.pkl,공포,차분함
gLO_sBM_cAll_d13_mLO1_ch05.pkl,자신감,
gLO_sBM_cAll_d13_mLO1_ch06.pkl,슬픔,분노
gLO_sBM_cAll_d13_mLO1_ch07.pkl,도전,
gLO_sBM_cAll_d13_mLO1_ch08.pkl,도전,
gLO_sBM_cAll_d13_mLO1_ch09.pkl,슬픔,
gLO_sBM_cAll_d13_mLO1_ch10.pkl,슬픔,
gLO_sBM_cAll_d13_mLO2_ch01.pkl,공포,차분함
gLO_sBM_cAll_d13_mLO2_ch02.pkl,슬픔,공포
gLO_sBM_cAll_d13_mLO2_ch03.pkl,공포,자신감
gLO_sBM_cAll_d13_mLO2_ch04.pkl,공포,차분함
gLO_sBM_cAll_d13_mLO2_ch05.pkl,슬픔,
gLO_sBM_cAll_d13_mLO2_ch06.pkl,슬픔,분노
gLO_sBM_cAll_d13_mLO2_ch07.pkl,도전,
gLO_sBM_cAll_d13_mLO2_ch08.pkl,희망,자신감
gLO_sBM_cAll_d13_mLO2_ch09.pkl,공포,
gLO_sBM_cAll_d13_mLO2_ch10.pkl,슬픔,
gLO_sBM_cAll_d13_mLO3_ch01.pkl,공포,차분함
gLO_sBM_cAll_d13_mLO3_ch02.pkl,슬픔,
gLO_sBM_cAll_d13_mLO3_ch03.pkl,공포,차분함
gLO_sBM_cAll_d13_mLO3_ch04.pkl,공포,차분함
gLO_sBM_cAll_d13_mLO3_ch05.pkl,도전,
gLO_sBM_cAll_d13_mLO3_ch06.pkl,슬픔,분노
gLO_sBM_cAll_d13_mLO3_ch07.pkl,희망,열정
gLO_sBM_cAll_d13_mLO3_ch08.pkl,희망,열정
gLO_sBM_cAll_d13_mLO3_ch09.pkl,슬픔,
gLO_sBM_cAll_d13_mLO3_ch10.pkl,열정,
gLO_sBM_cAll_d14_mLO0_ch01.pkl,슬픔,
gLO_sBM_cAll_d14_mLO0_ch02.pkl,슬픔,
gLO_sBM_cAll_d14_mLO0_ch03.pkl,자신감,
gLO_sBM_cAll_d14_mLO0_ch04.pkl,자신감,
gLO_sBM_cAll_d14_mLO0_ch05.pkl,자신감,
gLO_sBM_cAll_d14_mLO0_ch06.pkl,열정,도전
gLO_sBM_cAll_d14_mLO0_ch07.pkl,도전,
gLO_sBM_cAll_d14_mLO0_ch08.pkl,행복,희망
gLO_sBM_cAll_d14_mLO0_ch09.pkl,슬픔,
gLO_sBM_cAll_d14_mLO0_ch10.pkl,희망,자신감
gLO_sBM_cAll_d14_mLO1_ch01.pkl,슬픔,
gLO_sBM_cAll_d14_mLO1_ch02.pkl,슬픔,
gLO_sBM_cAll_d14_mLO1_ch03.pkl,놀람,
gLO_sBM_cAll_d14_mLO1_ch04.pkl,자신감,
gLO_sBM_cAll_d14_mLO1_ch05.pkl,슬픔,
gLO_sBM_cAll_d14_mLO1_ch06.pkl,행복,희망
gLO_sBM_cAll_d14_mLO1_ch07.pkl,희망,열정
gLO_sBM_cAll_d14_mLO1_ch08.pkl,행복,희망
gLO_sBM_cAll_d14_mLO1_ch09.pkl,슬픔,분노
gLO_sBM_cAll_d14_mLO1_ch10.pkl,행복,희망
gLO_sBM_cAll_d14_mLO4_ch01.pkl,공포,
gLO_sBM_cAll_d14_mLO4_ch02.pkl,슬픔,공포
gLO_sBM_cAll_d14_mLO4_ch03.pkl,공포,차분함
gLO_sBM_cAll_d14_mLO4_ch04.pkl,공포,자신감
gLO_sBM_cAll_d14_mLO4_ch05.pkl,자신감,
gLO_sBM_cAll_d14_mLO4_ch06.pkl,슬픔,분노
gLO_sBM_cAll_d14_mLO4_ch07.pkl,슬픔,
gLO_sBM_cAll_d14_mLO4_ch08.pkl,행복,희망
gLO_sBM_cAll_d14_mLO4_ch09.pkl,슬픔,분노
gLO_sBM_cAll_d14_mLO4_ch10.pkl,행복,희망
gLO_sBM_cAll_d14_mLO5_ch01.pkl,공포,차분함
gLO_sBM_cAll_d14_mLO5_ch02.pkl,슬픔,
gLO_sBM_cAll_d14_mLO5_ch03.pkl,공포,
gLO_sBM_cAll_d14_mLO5_ch04.pkl,공포,
gLO_sBM_cAll_d14_mLO5_ch05.pkl,자신감,
gLO_sBM_cAll_d14_mLO5_ch06.pkl,행복,희망
gLO_sBM_cAll_d14_mLO5_ch07.pkl,도전,
gLO_sBM_cAll_d14_mLO5_ch08.pkl,행복,희망
gLO_sBM_cAll_d14_mLO5_ch09.pkl,열정,
gLO_sBM_cAll_d14_mLO5_ch10.pkl,행복,희망
gLO_sBM_cAll_d15_mLO2_ch01.pkl,공포,자신감
gLO_sBM_cAll_d15_mLO2_ch02.pkl,슬픔,공포
gLO_sBM_cAll_d15_mLO2_ch03.pkl,공포,차분함
gLO_sBM_cAll_d15_mLO2_ch04.pkl,공포,차분함
gLO_sBM_cAll_d15_mLO2_ch05.pkl,슬픔,공포
gLO_sBM_cAll_d15_mLO2_ch06.pkl,슬픔,분노
gLO_sBM_cAll_d15_mLO2_ch07.pkl,도전,
gLO_sBM_cAll_d15_mLO2_ch08.pkl,행복,희망
gLO_sBM_cAll_d15_mLO2_ch09.pkl,차분함,
gLO_sBM_cAll_d15_mLO2_ch10.pkl,열정,
gLO_sBM_cAll_d15_mLO3_ch01.pkl,공포,자신감
gLO_sBM_cAll_d15_mLO3_ch02.pkl,슬픔,공포
gLO_sBM_cAll_d15_mLO3_ch03.pkl,공포,차분함
gLO_sBM_cAll_d15_mLO3_ch04.pkl,공포,자신감
gLO_sBM_cAll_d15_mLO3_ch05.pkl,슬픔,공포
gLO_sBM_cAll_d15_mLO3_ch06.pkl,슬픔,분노
gLO_sBM_cAll_d15_mLO3_ch07.pkl,슬픔,도전
gLO_sBM_cAll_d15_mLO3_ch08.pkl,행복,희망
gLO_sBM_cAll_d15_mLO3_ch09.pkl,차분함,
gLO_sBM_cAll_d15_mLO3_ch10.pkl,행복,희망
gLO_sBM_cAll_d15_mLO4_ch01.pkl,공포,차분함
gLO_sBM_cAll_d15_mLO4_ch02.pkl,슬픔,공포
gLO_sBM_cAll_d15_mLO4_ch03.pkl,공포,차분함
gLO_sBM_cAll_d15_mLO4_ch04.pkl,공포,차분함
gLO_sBM_cAll_d15_mLO4_ch05.pkl,슬픔,공포
gLO_sBM_cAll_d15_mLO4_ch06.pkl,슬픔,분노
gLO_sBM_cAll_d15_mLO4_ch07.pkl,도전,
gLO_sBM_cAll_d15_mLO4_ch08.pkl,행복,희망
gLO_sBM_cAll_d15_mLO4_ch09.pkl,공포,
gLO_sBM_cAll_d15_mLO4_ch10.pkl,행복,희망
gLO_sBM_cAll_d15_mLO5_ch01.pkl,공포,차분함
gLO_sBM_cAll_d15_mLO5_ch02.pkl,슬픔,공포
gLO_sBM_cAll_d15_mLO5_ch03.pkl,공포,차분함
gLO_sBM_cAll_d15_mLO5_ch04.pkl,공포,차분함
gLO_sBM_cAll_d15_mLO5_ch05.pkl,슬픔,공포
gLO_sBM_cAll_d15_mLO5_ch06.pkl,슬픔,분노
gLO_sBM_cAll_d15_mLO5_ch07.pkl,도전,
gLO_sBM_cAll_d15_mLO5_ch08.pkl,행복,희망
gLO_sBM_cAll_d15_mLO5_ch09.pkl,공포,
gLO_sBM_cAll_d15_mLO5_ch10.pkl,행복,희망
gLO_sFM_cAll_d13_mLO0_ch01.pkl,도전,
gLO_sFM_cAll_d13_mLO1_ch02.pkl,도전,
gLO_sFM_cAll_d13_mLO2_ch03.pkl,희망,열정
gLO_sFM_cAll_d13_mLO3_ch04.pkl,희망,열정
gLO_sFM_cAll_d13_mLO4_ch05.pkl,열정,
gLO_sFM_cAll_d13_mLO4_ch07.pkl,열정,도전
gLO_sFM_cAll_d13_mLO5_ch06.pkl,희망,열정
gLO_sFM_cAll_d14_mLO0_ch08.pkl,자신감,
gLO_sFM_cAll_d14_mLO1_ch09.pkl,열정,
gLO_sFM_cAll_d14_mLO2_ch10.pkl,희망,
gLO_sFM_cAll_d14_mLO3_ch11.pkl,희망,자신감
gLO_sFM_cAll_d14_mLO4_ch12.pkl,희망,열정
gLO_sFM_cAll_d14_mLO5_ch13.pkl,열정,
gLO_sFM_cAll_d14_mLO5_ch14.pkl,열정,
gLO_sFM_cAll_d15_mLO0_ch15.pkl,자신감,
gLO_sFM_cAll_d15_mLO1_ch16.pkl,자신감,
gLO_sFM_cAll_d15_mLO2_ch17.pkl,열정,
gLO_sFM_cAll_d15_mLO3_ch18.pkl,희망,
gLO_sFM_cAll_d15_mLO4_ch19.pkl,희망,자신감
gLO_sFM_cAll_d15_mLO4_ch21.pkl,행복,희망
gLO_sFM_cAll_d15_mLO5_ch20.pkl,슬픔,분노
gMH_sBM_cAll_d22_mMH0_ch01.pkl,자신감,
gMH_sBM_cAll_d22_mMH0_ch02.pkl,자신감,
gMH_sBM_cAll_d22_mMH0_ch03.pkl,도전,
gMH_sBM_cAll_d22_mMH0_ch04.pkl,자신감,
gMH_sBM_cAll_d22_mMH0_ch05.pkl,자신감,
gMH_sBM_cAll_d22_mMH0_ch06.pkl,슬픔,
gMH_sBM_cAll_d22_mMH0_ch07.pkl,슬픔,
gMH_sBM_cAll_d22_mMH0_ch08.pkl,놀람,
gMH_sBM_cAll_d22_mMH0_ch09.pkl,슬픔,
gMH_sBM_cAll_d22_mMH0_ch10.pkl,슬픔,도전
gMH_sBM_cAll_d22_mMH1_ch01.pkl,슬픔,공포
gMH_sBM_cAll_d22_mMH1_ch02.pkl,자신감,
gMH_sBM_cAll_d22_mMH1_ch03.pkl,도전,
gMH_sBM_cAll_d22_mMH1_ch04.pkl,차분함,
gMH_sBM_cAll_d22_mMH1_ch05.pkl,자신감,
gMH_sBM_cAll_d22_mMH1_ch06.pkl,자신감,
gMH_sBM_cAll_d22_mMH1_ch07.pkl,슬픔,
gMH_sBM_cAll_d22_mMH1_ch08.pkl,자신감,
gMH_sBM_cAll_d22_mMH1_ch09.pkl,차분함,
gMH_sBM_cAll_d22_mMH1_ch10.pkl,도전,
gMH_sBM_cAll_d22_mMH2_ch01.pkl,공포,
gMH_sBM_cAll_d22_mMH2_ch02.pkl,자신감,
gMH_sBM_cAll_d22_mMH2_ch03.pkl,도전,
gMH_sBM_cAll_d22_mMH2_ch04.pkl,자신감,
gMH_sBM_cAll_d22_mMH2_ch05.pkl,자신감,
gMH_sBM_cAll_d22_mMH2_ch06.pkl,자신감,
gMH_sBM_cAll_d22_mMH2_ch07.pkl,혐오,
gMH_sBM_cAll_d22_mMH2_ch08.pkl,슬픔,
gMH_sBM_cAll_d22_mMH2_ch09.pkl,슬픔,
gMH_sBM_cAll_d22_mMH2_ch10.pkl,도전,
gMH_sBM_cAll_d22_mMH3_ch01.pkl,슬픔,분노
gMH_sBM_cAll_d22_mMH3_ch02.pkl,자신감,
gMH_sBM_cAll_d22_mMH3_ch03.pkl,슬픔,도전
gMH_sBM_cAll_d22_mMH3_ch04.pkl,자신감,
gMH_sBM_cAll_d22_mMH3_ch05.pkl,자신감,
gMH_sBM_cAll_d22_mMH3_ch06.pkl,행복,희망
gMH_sBM_cAll_d22_mMH3_ch07.pkl,도전,
gMH_sBM_cAll_d22_mMH3_ch08.pkl,열정,
gMH_sBM_cAll_d22_mMH3_ch09.pkl,행복,희망
gMH_sBM_cAll_d22_mMH3_ch10.pkl,열정,도전
gMH_sBM_cAll_d23_mMH0_ch01.pkl,슬픔,
gMH_sBM_cAll_d23_mMH0_ch02.pkl,슬픔,
gMH_sBM_cAll_d23_mMH0_ch03.pkl,도전,
gMH_sBM_cAll_d23_mMH0_ch04.pkl,공포,차분함
gMH_sBM_cAll_d23_mMH0_ch05.pkl,자신감,
gMH_sBM_cAll_d23_mMH0_ch06.pkl,슬픔,
gMH_sBM_cAll_d23_mMH0_ch07.pkl,혐오,
gMH_sBM_cAll_d23_mMH0_ch08.pkl,도전,
gMH_sBM_cAll_d23_mMH0_ch09.pkl,도전,
gMH_sBM_cAll_d23_mMH0_ch10.pkl,슬픔,
gMH_sBM_cAll_d23_mMH1_ch01.pkl,슬픔,
gMH_sBM_cAll_d23_mMH1_ch02.pkl,도전,
gMH_sBM_cAll_d23_mMH1_ch03.pkl,도전,
gMH_sBM_cAll_d23_mMH1_ch04.pkl,자신감,
gMH_sBM_cAll_d23_mMH1_ch05.pkl,열정,
gMH_sBM_cAll_d23_mMH1_ch06.pkl,슬픔,분노
gMH_sBM_cAll_d23_mMH1_ch07.pkl,열정,
gMH_sBM_cAll_d23_mMH1_ch08.pkl,슬픔,
gMH_sBM_cAll_d23_mMH1_ch09.pkl,도전,
gMH_sBM_cAll_d23_mMH1_ch10.pkl,슬픔,분노
gMH_sBM_cAll_d23_mMH4_ch01.pkl,공포,
gMH_sBM_cAll_d23_mMH4_ch02.pkl,슬픔,
gMH_sBM_cAll_d23_mMH4_ch03.pkl,슬픔,
gMH_sBM_cAll_d23_mMH4_ch04.pkl,슬픔,공포
gMH_sBM_cAll_d23_mMH4_ch05.pkl,공포,
gMH_sBM_cAll_d23_mMH4_ch06.pkl,자신감,
gMH_sBM_cAll_d23_mMH4_ch07.pkl,자신감,
gMH_sBM_cAll_d23_mMH4_ch08.pkl,차분함,
gMH_sBM_cAll_d23_mMH4_ch09.pkl,차분함,
gMH_sBM_cAll_d23_mMH4_ch10.pkl,슬픔,
gMH_sBM_cAll_d23_mMH5_ch01.pkl,공포,차분함
gMH_sBM_cAll_d23_mMH5_ch02.pkl,슬픔,
gMH_sBM_cAll_d23_mMH5_ch03.pkl,차분함,
gMH_sBM_cAll_d23_mMH5_ch04.pkl,자신감,차분함
gMH_sBM_cAll_d23_mMH5_ch05.pkl,자신감,
gMH_sBM_cAll_d23_mMH5_ch06.pkl,자신감,
gMH_sBM_cAll_d23_mMH5_ch07.pkl,슬픔,
gMH_sBM_cAll_d23_mMH5_ch08.pkl,자신감,
gMH_sBM_cAll_d23_mMH5_ch09.pkl,자신감,
gMH_sBM_cAll_d23_mMH5_ch10.pkl,자신감,
gMH_sBM_cAll_d24_mMH2_ch01.pkl,슬픔,
gMH_sBM_cAll_d24_mMH2_ch02.pkl,차분함,
gMH_sBM_cAll_d24_mMH2_ch03.pkl,슬픔,
gMH_sBM_cAll_d24_mMH2_ch04.pkl,공포,
gMH_sBM_cAll_d24_mMH2_ch05.pkl,공포,
gMH_sBM_cAll_d24_mMH2_ch06.pkl,슬픔,
gMH_sBM_cAll_d24_mMH2_ch07.pkl,차분함,
gMH_sBM_cAll_d24_mMH2_ch08.pkl,차분함,
gMH_sBM_cAll_d24_mMH2_ch09.pkl,차분함,
gMH_sBM_cAll_d24_mMH2_ch10.pkl,자신감,
gMH_sBM_cAll_d24_mMH3_ch01.pkl,공포,차분함
gMH_sBM_cAll_d24_mMH3_ch02.pkl,공포,차분함
gMH_sBM_cAll_d24_mMH3_ch03.pkl,슬픔,
gMH_sBM_cAll_d24_mMH3_ch04.pkl,슬픔,
gMH_sBM_cAll_d24_mMH3_ch05.pkl,공포,
gMH_sBM_cAll_d24_mMH3_ch06.pkl,슬픔,
gMH_sBM_cAll_d24_mMH3_ch07.pkl,차분함,
gMH_sBM_cAll_d24_mMH3_ch08.pkl,자신감,
gMH_sBM_cAll_d24_mMH3_ch09.pkl,혐오,
gMH_sBM_cAll_d24_mMH3_ch10.pkl,자신감,
gMH_sBM_cAll_d24_mMH4_ch01.pkl,슬픔,
gMH_sBM_cAll_d24_mMH4_ch02.pkl,공포,
gMH_sBM_cAll_d24_mMH4_ch03.pkl,슬픔,
gMH_sBM_cAll_d24_mMH4_ch04.pkl,공포,
gMH_sBM_cAll_d24_mMH4_ch05.pkl,자신감,
gMH_sBM_cAll_d24_mMH4_ch06.pkl,공포,
gMH_sBM_cAll_d24_mMH4_ch07.pkl,자신감,
gMH_sBM_cAll_d24_mMH4_ch08.pkl,자신감,
gMH_sBM_cAll_d24_mMH4_ch09.pkl,혐오,
gMH_sBM_cAll_d24_mMH4_ch10.pkl,슬픔,
gMH_sBM_cAll_d24_mMH5_ch01.pkl,슬픔,분노
gMH_sBM_cAll_d24_mMH5_ch02.pkl,열정,
gMH_sBM_cAll_d24_mMH5_ch03.pkl,슬픔,분노
gMH_sBM_cAll_d24_mMH5_ch04.pkl,행복,희망
gMH_sBM_cAll_d24_mMH5_ch05.pkl,행복,희망
gMH_sBM_cAll_d24_mMH5_ch06.pkl,슬픔,분노
gMH_sBM_cAll_d24_mMH5_ch07.pkl,희망,열정
gMH_sBM_cAll_d24_mMH5_ch08.pkl,행복,희망
gMH_sBM_cAll_d24_mMH5_ch09.pkl,열정,
gMH_sBM_cAll_d24_mMH5_ch10.pkl,슬픔,분노
gMH_sFM_cAll_d22_mMH0_ch01.pkl,자신감,
gMH_sFM_cAll_d22_mMH1_ch02.pkl,슬픔,
gMH_sFM_cAll_d22_mMH1_ch07.pkl,자신감,
gMH_sFM_cAll_d22_mMH2_ch03.pkl,도전,
gMH_sFM_cAll_d22_mMH3_ch04.pkl,놀람,
gMH_sFM_cAll_d22_mMH4_ch05.pkl,자신감,
gMH_sFM_cAll_d22_mMH5_ch06.pkl,공포,
gMH_sFM_cAll_d23_mMH0_ch08.pkl,도전,
gMH_sFM_cAll_d23_mMH0_ch14.pkl,자신감,
gMH_sFM_cAll_d23_mMH1_ch09.pkl,슬픔,
gMH_sFM_cAll_d23_mMH2_ch10.pkl,자신감,
gMH_sFM_cAll_d23_mMH3_ch11.pkl,자신감,
gMH_sFM_cAll_d23_mMH4_ch12.pkl,혐오,
gMH_sFM_cAll_d23_mMH5_ch13.pkl,자신감,
gMH_sFM_cAll_d24_mMH0_ch15.pkl,자신감,
gMH_sFM_cAll_d24_mMH1_ch16.pkl,슬픔,
gMH_sFM_cAll_d24_mMH2_ch17.pkl,혐오,
gMH_sFM_cAll_d24_mMH2_ch21.pkl,자신감,
gMH_sFM_cAll_d24_mMH3_ch18.pkl,슬픔,
gMH_sFM_cAll_d24_mMH4_ch19.pkl,슬픔,
gMH_sFM_cAll_d24_mMH5_ch20.pkl,차분함,
gPO_sBM_cAll_d10_mPO0_ch01.pkl,자신감,
gPO_sBM_cAll_d10_mPO0_ch02.pkl,자신감,
gPO_sBM_cAll_d10_mPO0_ch03.pkl,공포,차분함
gPO_sBM_cAll_d10_mPO0_ch04.pkl,공포,자신감
gPO_sBM_cAll_d10_mPO0_ch05.pkl,차분함,
gPO_sBM_cAll_d10_mPO0_ch06.pkl,공포,
gPO_sBM_cAll_d10_mPO0_ch07.pkl,슬픔,
gPO_sBM_cAll_d10_mPO0_ch08.pkl,열정,도전
gPO_sBM_cAll_d10_mPO0_ch09.pkl,혐오,
gPO_sBM_cAll_d10_mPO0_ch10.pkl,자신감,도전
gPO_sBM_cAll_d10_mPO1_ch01.pkl,자신감,
gPO_sBM_cAll_d10_mPO1_ch02.pkl,혐오,
gPO_sBM_cAll_d10_mPO1_ch03.pkl,슬픔,공포
gPO_sBM_cAll_d10_mPO1_ch04.pkl,공포,자신감
gPO_sBM_cAll_d10_mPO1_ch05.pkl,공포,차분함
gPO_sBM_cAll_d10_mPO1_ch06.pkl,공포,
gPO_sBM_cAll_d10_mPO1_ch07.pkl,슬픔,
gPO_sBM_cAll_d10_mPO1_ch08.pkl,희망,열정
gPO_sBM_cAll_d10_mPO1_ch09.pkl,혐오,
gPO_sBM_cAll_d10_mPO1_ch10.pkl,자신감,
gPO_sBM_cAll_d10_mPO2_ch01.pkl,자신감,
gPO_sBM_cAll_d10_mPO2_ch02.pkl,자신감,
gPO_sBM_cAll_d10_mPO2_ch03.pkl,슬픔,공포
gPO_sBM_cAll_d10_mPO2_ch04.pkl,공포,차분함
gPO_sBM_cAll_d10_mPO2_ch05.pkl,공포,자신감
gPO_sBM_cAll_d10_mPO2_ch06.pkl,공포,
gPO_sBM_cAll_d10_mPO2_ch07.pkl,슬픔,
gPO_sBM_cAll_d10_mPO2_ch08.pkl,희망,자신감
gPO_sBM_cAll_d10_mPO2_ch09.pkl,자신감,
gPO_sBM_cAll_d10_mPO2_ch10.pkl,자신감,
gPO_sBM_cAll_d10_mPO3_ch01.pkl,자신감,
gPO_sBM_cAll_d10_mPO3_ch02.pkl,열정,도전
gPO_sBM_cAll_d10_mPO3_ch03.pkl,슬픔,
gPO_sBM_cAll_d10_mPO3_ch04.pkl,공포,차분함
gPO_sBM_cAll_d10_mPO3_ch05.pkl,차분함,
gPO_sBM_cAll_d10_mPO3_ch06.pkl,공포,
gPO_sBM_cAll_d10_mPO3_ch07.pkl,슬픔,
gPO_sBM_cAll_d10_mPO3_ch08.pkl,행복,희망
gPO_sBM_cAll_d10_mPO3_ch09.pkl,열정,도전
gPO_sBM_cAll_d10_mPO3_ch10.pkl,도전,
gPO_sBM_cAll_d11_mPO0_ch01.pkl,놀람,
gPO_sBM_cAll_d11_mPO0_ch02.pkl,슬픔,
gPO_sBM_cAll_d11_mPO0_ch03.pkl,차분함,
gPO_sBM_cAll_d11_mPO0_ch04.pkl,공포,차분함
gPO_sBM_cAll_d11_mPO0_ch05.pkl,차분함,
gPO_sBM_cAll_d11_mPO0_ch06.pkl,자신감,
gPO_sBM_cAll_d11_mPO0_ch07.pkl,슬픔,
gPO_sBM_cAll_d11_mPO0_ch08.pkl,차분함,
gPO_sBM_cAll_d11_mPO0_ch09.pkl,도전,
gPO_sBM_cAll_d11_mPO0_ch10.pkl,자신감,
gPO_sBM_cAll_d11_mPO1_ch01.pkl,자신감,
gPO_sBM_cAll_d11_mPO1_ch02.pkl,열정,도전
gPO_sBM_cAll_d11_mPO1_ch03.pkl,슬픔,
gPO_sBM_cAll_d11_mPO1_ch04.pkl,공포,
gPO_sBM_cAll_d11_mPO1_ch05.pkl,슬픔,
gPO_sBM_cAll_d11_mPO1_ch06.pkl,자신감,
gPO_sBM_cAll_d11_mPO1_ch07.pkl,슬픔,
gPO_sBM_cAll_d11_mPO1_ch08.pkl,도전,
gPO_sBM_cAll_d11_mPO1_ch09.pkl,열정,도전
gPO_sBM_cAll_d11_mPO1_ch10.pkl,열정,도전
gPO_sBM_cAll_d11_mPO4_ch01.pkl,자신감,
gPO_sBM_cAll_d11_mPO4_ch02.pkl,놀람,
gPO_sBM_cAll_d11_mPO4_ch03.pkl,슬픔,
gPO_sBM_cAll_d11_mPO4_ch04.pkl,공포,차분함
gPO_sBM_cAll_d11_mPO4_ch05.pkl,차분함,
gPO_sBM_cAll_d11_mPO4_ch06.pkl,자신감,
gPO_sBM_cAll_d11_mPO4_ch07.pkl,슬픔,
gPO_sBM_cAll_d11_mPO4_ch08.pkl,차분함,
gPO_sBM_cAll_d11_mPO4_ch09.pkl,도전,
gPO_sBM_cAll_d11_mPO4_ch10.pkl,자신감,
gPO_sBM_cAll_d11_mPO5_ch01.pkl,놀람,
gPO_sBM_cAll_d11_mPO5_ch02.pkl,열정,
gPO_sBM_cAll_d11_mPO5_ch03.pkl,슬픔,
gPO_sBM_cAll_d11_mPO5_ch04.pkl,공포,차분함
gPO_sBM_cAll_d11_mPO5_ch05.pkl,차분함,
gPO_sBM_cAll_d11_mPO5_ch06.pkl,자신감,
gPO_sBM_cAll_d11_mPO5_ch07.pkl,슬픔,
gPO_sBM_cAll_d11_mPO5_ch08.pkl,도전,
gPO_sBM_cAll_d11_mPO5_ch09.pkl,열정,도전
gPO_sBM_cAll_d11_mPO5_ch10.pkl,놀람,
gPO_sBM_cAll_d12_mPO2_ch01.pkl,자신감,
gPO_sBM_cAll_d12_mPO2_ch02.pkl,열정,
gPO_sBM_cAll_d12_mPO2_ch03.pkl,혐오,
gPO_sBM_cAll_d12_mPO2_ch04.pkl,공포,차분함
gPO_sBM_cAll_d12_mPO2_ch05.pkl,자신감,차분함
gPO_sBM_cAll_d12_mPO2_ch06.pkl,공포,
gPO_sBM_cAll_d12_mPO2_ch07.pkl,슬픔,
gPO_sBM_cAll_d12_mPO2_ch08.pkl,혐오,
gPO_sBM_cAll_d12_mPO2_ch09.pkl,도전,
gPO_sBM_cAll_d12_mPO2_ch10.pkl,자신감,
gPO_sBM_cAll_d12_mPO3_ch01.pkl,자신감,
gPO_sBM_cAll_d12_mPO3_ch02.pkl,열정,
gPO_sBM_cAll_d12_mPO3_ch03.pkl,슬픔,
gPO_sBM_cAll_d12_mPO3_ch04.pkl,공포,차분함
gPO_sBM_cAll_d12_mPO3_ch05.pkl,자신감,
gPO_sBM_cAll_d12_mPO3_ch06.pkl,자신감,
gPO_sBM_cAll_d12_mPO3_ch07.pkl,슬픔,
gPO_sBM_cAll_d12_mPO3_ch08.pkl,혐오,
gPO_sBM_cAll_d12_mPO3_ch09.pkl,행복,희망
gPO_sBM_cAll_d12_mPO3_ch10.pkl,혐오,
gPO_sBM_cAll_d12_mPO4_ch01.pkl,자신감,
gPO_sBM_cAll_d12_mPO4_ch02.pkl,열정,
gPO_sBM_cAll_d12_mPO4_ch03.pkl,슬픔,
gPO_sBM_cAll_d12_mPO4_ch04.pkl,공포,차분함
gPO_sBM_cAll_d12_mPO4_ch05.pkl,자신감,차분함
gPO_sBM_cAll_d12_mPO4_ch06.pkl,자신감,
gPO_sBM_cAll_d12_mPO4_ch07.pkl,슬픔,
gPO_sBM_cAll_d12_mPO4_ch08.pkl,자신감,
gPO_sBM_cAll_d12_mPO4_ch09.pkl,자신감,도전
gPO_sBM_cAll_d12_mPO4_ch10.pkl,자신감,
gPO_sBM_cAll_d12_mPO5_ch01.pkl,행복,희망
gPO_sBM_cAll_d12_mPO5_ch02.pkl,열정,도전
gPO_sBM_cAll_d12_mPO5_ch03.pkl,슬픔,
gPO_sBM_cAll_d12_mPO5_ch04.pkl,공포,
gPO_sBM_cAll_d12_mPO5_ch05.pkl,자신감,
gPO_sBM_cAll_d12_mPO5_ch06.pkl,슬픔,분노
gPO_sBM_cAll_d12_mPO5_ch07.pkl,슬픔,분노
gPO_sBM_cAll_d12_mPO5_ch08.pkl,자신감,
gPO_sBM_cAll_d12_mPO5_ch09.pkl,열정,도전
gPO_sBM_cAll_d12_mPO5_ch10.pkl,희망,열정
gPO_sFM_cAll_d10_mPO0_ch01.pkl,자신감,
gPO_sFM_cAll_d10_mPO1_ch02.pkl,자신감,
gPO_sFM_cAll_d10_mPO2_ch03.pkl,차분함,
gPO_sFM_cAll_d10_mPO3_ch07.pkl,자신감,
gPO_sFM_cAll_d10_mPO4_ch05.pkl,자신감,
gPO_sFM_cAll_d10_mPO5_ch06.pkl,자신감,
gPO_sFM_cAll_d11_mPO0_ch08.pkl,자신감,
gPO_sFM_cAll_d11_mPO1_ch09.pkl,놀람,
gPO_sFM_cAll_d11_mPO2_ch10.pkl,놀람,
gPO_sFM_cAll_d11_mPO2_ch14.pkl,자신감,
gPO_sFM_cAll_d11_mPO3_ch11.pkl,자신감,
gPO_sFM_cAll_d11_mPO4_ch12.pkl,자신감,
gPO_sFM_cAll_d11_mPO5_ch13.pkl,놀람,
gPO_sFM_cAll_d12_mPO0_ch15.pkl,자신감,
gPO_sFM_cAll_d12_mPO1_ch16.pkl,자신감,
gPO_sFM_cAll_d12_mPO2_ch17.pkl,행복,희망
gPO_sFM_cAll_d12_mPO3_ch18.pkl,행복,희망
gPO_sFM_cAll_d12_mPO4_ch19.pkl,열정,
gPO_sFM_cAll_d12_mPO5_ch20.pkl,열정,도전
gPO_sFM_cAll_d12_mPO5_ch21.pkl,희망,열정
gWA_sBM_cAll_d25_mWA0_ch01.pkl,자신감,
gWA_sBM_cAll_d25_mWA0_ch02.pkl,슬픔,
gWA_sBM_cAll_d25_mWA0_ch03.pkl,슬픔,차분함
gWA_sBM_cAll_d25_mWA0_ch04.pkl,슬픔,
gWA_sBM_cAll_d25_mWA0_ch05.pkl,자신감,
gWA_sBM_cAll_d25_mWA0_ch06.pkl,혐오,
gWA_sBM_cAll_d25_mWA0_ch07.pkl,슬픔,공포
gWA_sBM_cAll_d25_mWA0_ch08.pkl,슬픔,
gWA_sBM_cAll_d25_mWA0_ch09.pkl,차분함,
gWA_sBM_cAll_d25_mWA0_ch10.pkl,열정,도전
gWA_sBM_cAll_d25_mWA1_ch01.pkl,슬픔,
gWA_sBM_cAll_d25_mWA1_ch02.pkl,차분함,
gWA_sBM_cAll_d25_mWA1_ch03.pkl,슬픔,차분함
gWA_sBM_cAll_d25_mWA1_ch04.pkl,도전,
gWA_sBM_cAll_d25_mWA1_ch05.pkl,자신감,
gWA_sBM_cAll_d25_mWA1_ch06.pkl,자신감,
gWA_sBM_cAll_d25_mWA1_ch07.pkl,차분함,
gWA_sBM_cAll_d25_mWA1_ch08.pkl,슬픔,
gWA_sBM_cAll_d25_mWA1_ch09.pkl,슬픔,
gWA_sBM_cAll_d25_mWA1_ch10.pkl,슬픔,
gWA_sBM_cAll_d25_mWA2_ch01.pkl,슬픔,
gWA_sBM_cAll_d25_mWA2_ch02.pkl,슬픔,
gWA_sBM_cAll_d25_mWA2_ch03.pkl,슬픔,
gWA_sBM_cAll_d25_mWA2_ch04.pkl,슬픔,분노
gWA_sBM_cAll_d25_mWA2_ch05.pkl,자신감,
gWA_sBM_cAll_d25_mWA2_ch06.pkl,혐오,
gWA_sBM_cAll_d25_mWA2_ch07.pkl,슬픔,공포
gWA_sBM_cAll_d25_mWA2_ch08.pkl,자신감,
gWA_sBM_cAll_d25_mWA2_ch09.pkl,슬픔,공포
gWA_sBM_cAll_d25_mWA2_ch10.pkl,슬픔,
gWA_sBM_cAll_d25_mWA3_ch01.pkl,슬픔,
gWA_sBM_cAll_d25_mWA3_ch02.pkl,공포,
gWA_sBM_cAll_d25_mWA3_ch03.pkl,공포,
gWA_sBM_cAll_d25_mWA3_ch04.pkl,행복,희망
gWA_sBM_cAll_d25_mWA3_ch05.pkl,자신감,
gWA_sBM_cAll_d25_mWA3_ch06.pkl,도전,
gWA_sBM_cAll_d25_mWA3_ch07.pkl,슬픔,
gWA_sBM_cAll_d25_mWA3_ch08.pkl,슬픔,
gWA_sBM_cAll_d25_mWA3_ch09.pkl,슬픔,차분함
gWA_sBM_cAll_d25_mWA3_ch10.pkl,열정,도전
gWA_sBM_cAll_d26_mWA0_ch01.pkl,공포,자신감
gWA_sBM_cAll_d26_mWA0_ch02.pkl,자신감,
gWA_sBM_cAll_d26_mWA0_ch03.pkl,슬픔,차분함
gWA_sBM_cAll_d26_mWA0_ch04.pkl,차분함,
gWA_sBM_cAll_d26_mWA0_ch05.pkl,자신감,
gWA_sBM_cAll_d26_mWA0_ch06.pkl,자신감,
gWA_sBM_cAll_d26_mWA0_ch07.pkl,공포,자신감
gWA_sBM_cAll_d26_mWA0_ch08.pkl,공포,자신감
gWA_sBM_cAll_d26_mWA0_ch09.pkl,희망,자신감
gWA_sBM_cAll_d26_mWA0_ch10.pkl,희망,자신감
gWA_sBM_cAll_d26_mWA1_ch01.pkl,열정,
gWA_sBM_cAll_d26_mWA1_ch03.pkl,자신감,
gWA_sBM_cAll_d26_mWA1_ch04.pkl,희망,열정
gWA_sBM_cAll_d26_mWA1_ch05.pkl,자신감,
gWA_sBM_cAll_d26_mWA1_ch06.pkl,도전,
gWA_sBM_cAll_d26_mWA1_ch07.pkl,자신감,
gWA_sBM_cAll_d26_mWA1_ch08.pkl,자신감,차분함
gWA_sBM_cAll_d26_mWA1_ch09.pkl,슬픔,
gWA_sBM_cAll_d26_mWA1_ch10.pkl,열정,
gWA_sBM_cAll_d26_mWA4_ch01.pkl,공포,자신감
gWA_sBM_cAll_d26_mWA4_ch02.pkl,공포,자신감
gWA_sBM_cAll_d26_mWA4_ch03.pkl,공포,차분함
gWA_sBM_cAll_d26_mWA4_ch04.pkl,도전,
gWA_sBM_cAll_d26_mWA4_ch05.pkl,자신감,차분함
gWA_sBM_cAll_d26_mWA4_ch06.pkl,자신감,
gWA_sBM_cAll_d26_mWA4_ch07.pkl,공포,자신감
gWA_sBM_cAll_d26_mWA4_ch08.pkl,공포,차분함
gWA_sBM_cAll_d26_mWA4_ch09.pkl,슬픔,공포
gWA_sBM_cAll_d26_mWA4_ch10.pkl,슬픔,
gWA_sBM_cAll_d26_mWA5_ch01.pkl,슬픔,공포
gWA_sBM_cAll_d26_mWA5_ch02.pkl,슬픔,
gWA_sBM_cAll_d26_mWA5_ch03.pkl,자신감,차분함
gWA_sBM_cAll_d26_mWA5_ch04.pkl,슬픔,
gWA_sBM_cAll_d26_mWA5_ch05.pkl,차분함,
gWA_sBM_cAll_d26_mWA5_ch06.pkl,슬픔,
gWA_sBM_cAll_d26_mWA5_ch07.pkl,공포,자신감
gWA_sBM_cAll_d26_mWA5_ch08.pkl,열정,
gWA_sBM_cAll_d26_mWA5_ch09.pkl,공포,자신감
gWA_sBM_cAll_d26_mWA5_ch10.pkl,슬픔,분노
gWA_sBM_cAll_d27_mWA2_ch01.pkl,희망,
gWA_sBM_cAll_d27_mWA2_ch02.pkl,열정,
gWA_sBM_cAll_d27_mWA2_ch03.pkl,자신감,차분함
gWA_sBM_cAll_d27_mWA2_ch04.pkl,자신감,
gWA_sBM_cAll_d27_mWA2_ch05.pkl,차분함,
gWA_sBM_cAll_d27_mWA2_ch06.pkl,자신감,
gWA_sBM_cAll_d27_mWA2_ch07.pkl,자신감,
gWA_sBM_cAll_d27_mWA2_ch08.pkl,행복,사랑
gWA_sBM_cAll_d27_mWA2_ch09.pkl,자신감,차분함
gWA_sBM_cAll_d27_mWA2_ch10.pkl,슬픔,분노
gWA_sBM_cAll_d27_mWA3_ch01.pkl,슬픔,분노
gWA_sBM_cAll_d27_mWA3_ch02.pkl,슬픔,분노
gWA_sBM_cAll_d27_mWA3_ch03.pkl,슬픔,
gWA_sBM_cAll_d27_mWA3_ch04.pkl,자신감,도전
gWA_sBM_cAll_d27_mWA3_ch05.pkl,혐오,
gWA_sBM_cAll_d27_mWA3_ch06.pkl,자신감,
gWA_sBM_cAll_d27_mWA3_ch07.pkl,슬픔,
gWA_sBM_cAll_d27_mWA3_ch08.pkl,슬픔,
gWA_sBM_cAll_d27_mWA3_ch09.pkl,슬픔,
gWA_sBM_cAll_d27_mWA3_ch10.pkl,열정,
gWA_sBM_cAll_d27_mWA4_ch01.pkl,슬픔,
gWA_sBM_cAll_d27_mWA4_ch02.pkl,슬픔,분노
gWA_sBM_cAll_d27_mWA4_ch03.pkl,슬픔,
gWA_sBM_cAll_d27_mWA4_ch04.pkl,도전,
gWA_sBM_cAll_d27_mWA4_ch05.pkl,자신감,
gWA_sBM_cAll_d27_mWA4_ch06.pkl,자신감,
gWA_sBM_cAll_d27_mWA4_ch07.pkl,슬픔,
gWA_sBM_cAll_d27_mWA4_ch08.pkl,사랑,열정
gWA_sBM_cAll_d27_mWA4_ch09.pkl,자신감,
gWA_sBM_cAll_d27_mWA4_ch10.pkl,열정,
gWA_sBM_cAll_d27_mWA5_ch01.pkl,사랑,열정
gWA_sBM_cAll_d27_mWA5_ch02.pkl,행복,희망
gWA_sBM_cAll_d27_mWA5_ch03.pkl,슬픔,
gWA_sBM_cAll_d27_mWA5_ch04.pkl,행복,희망
gWA_sBM_cAll_d27_mWA5_ch05.pkl,자신감,
gWA_sBM_cAll_d27_mWA5_ch06.pkl,자신감,도전
gWA_sBM_cAll_d27_mWA5_ch07.pkl,자신감,
gWA_sBM_cAll_d27_mWA5_ch08.pkl,행복,희망
gWA_sBM_cAll_d27_mWA5_ch09.pkl,슬픔,
gWA_sBM_cAll_d27_mWA5_ch10.pkl,슬픔,분노
gWA_sFM_cAll_d25_mWA0_ch01.pkl,슬픔,
gWA_sFM_cAll_d25_mWA1_ch02.pkl,슬픔,
gWA_sFM_cAll_d25_mWA2_ch03.pkl,자신감,
gWA_sFM_cAll_d25_mWA3_ch04.pkl,자신감,
gWA_sFM_cAll_d25_mWA4_ch05.pkl,슬픔,
gWA_sFM_cAll_d25_mWA5_ch06.pkl,슬픔,
gWA_sFM_cAll_d25_mWA5_ch07.pkl,열정,
gWA_sFM_cAll_d26_mWA0_ch08.pkl,자신감,
gWA_sFM_cAll_d26_mWA1_ch09.pkl,자신감,
gWA_sFM_cAll_d26_mWA2_ch10.pkl,차분함,
gWA_sFM_cAll_d26_mWA3_ch11.pkl,슬픔,
gWA_sFM_cAll_d26_mWA3_ch14.pkl,슬픔,
gWA_sFM_cAll_d26_mWA4_ch12.pkl,자신감,
gWA_sFM_cAll_d26_mWA5_ch13.pkl,슬픔,
gWA_sFM_cAll_d27_mWA0_ch15.pkl,자신감,
gWA_sFM_cAll_d27_mWA1_ch16.pkl,열정,도전
gWA_sFM_cAll_d27_mWA2_ch17.pkl,자신감,
gWA_sFM_cAll_d27_mWA2_ch21.pkl,도전,
gWA_sFM_cAll_d27_mWA3_ch18.pkl,놀람,
gWA_sFM_cAll_d27_mWA4_ch19.pkl,도전,
gWA_sFM_cAll_d27_mWA5_ch20.pkl,희망,자신감
